"","game_id","season","week","home_team","away_team","home_points","away_points","matchup","formatted_spread","over_under"
"1",401282714,2021,1,"Illinois","Nebraska",30,22,"Nebraska @ Illinois","Nebraska -6.5","52.5"
"2",401286187,2021,1,"Fresno State","Connecticut",45,0,"Connecticut @ Fresno State","Fresno State -27.5","63.5"
"4",401309833,2021,1,"UCLA","Hawai'i",44,10,"Hawai'i @ UCLA","UCLA -17.5","67"
"7",401282049,2021,1,"New Mexico State","UTEP",3,30,"UTEP @ New Mexico State","UTEP -9.5","59.5"
"8",401310693,2021,1,"San José State","Southern Utah",45,14,"Southern Utah @ San José State","San José State -28","57.5"
"9",401282050,2021,1,"Jacksonville State","UAB",0,31,"UAB @ Jacksonville State","UAB -16.5","52"
"14",401300995,2021,1,"UCF","Boise State",36,31,"Boise State @ UCF","UCF -6.5","67"
"30",401309540,2021,1,"Ball State","Western Illinois",31,21,"Western Illinois @ Ball State","Ball State -31","58.5"
"38",401328545,2021,1,"Coastal Carolina","The Citadel",52,14,"The Citadel @ Coastal Carolina","Coastal Carolina -33.5","54.5"
"39",401309542,2021,1,"Buffalo","Wagner",69,7,"Wagner @ Buffalo","Buffalo -43.5","54.5"
"46",401282607,2021,1,"NC State","South Florida",45,0,"South Florida @ NC State","NC State -19","58"
"48",401300994,2021,1,"Tulsa","UC Davis",17,19,"UC Davis @ Tulsa","Tulsa -22","54.5"
"49",401300993,2021,1,"Appalachian State","East Carolina",33,19,"East Carolina @ Appalachian State","Appalachian State -9","55.5"
"50",401309834,2021,1,"Utah","Weber State",40,17,"Weber State @ Utah","Utah -29.5","48.5"
"52",401281952,2021,1,"Tennessee","Bowling Green",38,6,"Bowling Green @ Tennessee","Tennessee -37","60.5"
"55",401310696,2021,1,"New Mexico","Houston Baptist",27,17,"Houston Baptist @ New Mexico","New Mexico -25.5","66"
"56",401282789,2021,1,"Minnesota","Ohio State",31,45,"Ohio State @ Minnesota","Ohio State -14","62"
"72",401310694,2021,1,"UNLV","Eastern Washington",33,35,"Eastern Washington @ UNLV","Eastern Washington -2","66"
"73",401309835,2021,1,"Arizona State","Southern Utah",41,14,"Southern Utah @ Arizona State","Arizona State -44.5","56.5"
"75",401309937,2021,1,"Virginia Tech","North Carolina",17,10,"North Carolina @ Virginia Tech","North Carolina -5.5","63.5"
"77",401282608,2021,1,"Wake Forest","Old Dominion",42,10,"Old Dominion @ Wake Forest","Wake Forest -32.5","61.5"
"78",401282052,2021,1,"Charlotte","Duke",31,28,"Duke @ Charlotte","Duke -6.5","60.5"
"79",401309541,2021,1,"Eastern Michigan","St Francis (PA)",35,15,"St Francis (PA) @ Eastern Michigan","Eastern Michigan -34","54.5"
"80",401287888,2021,1,"Kansas","South Dakota",17,14,"South Dakota @ Kansas","Kansas -11.5","55.5"
"81",401309836,2021,1,"Colorado","Northern Colorado",35,7,"Northern Colorado @ Colorado","Colorado -37.5","56.5"
"82",401310695,2021,1,"Colorado State","South Dakota State",23,42,"South Dakota State @ Colorado State","Colorado State -2.5","50.5"
"83",401282782,2021,1,"Northwestern","Michigan State",21,38,"Michigan State @ Northwestern","Northwestern -3","45.5"
"85",401286188,2021,1,"Connecticut","Holy Cross",28,38,"Holy Cross @ Connecticut","Connecticut -3","49.5"
"86",401287894,2021,1,"Oklahoma","Tulane",40,35,"Tulane @ Oklahoma","Oklahoma -31","66.5"
"87",401281947,2021,1,"Kentucky","Louisiana Monroe",45,10,"Louisiana Monroe @ Kentucky","Kentucky -31","54"
"88",401309601,2021,1,"Georgia State","Army",10,43,"Army @ Georgia State","Georgia State -2.5","50"
"89",401287889,2021,1,"Kansas State","Stanford",24,7,"Stanford @ Kansas State","Kansas State -3","54"
"90",401282815,2021,1,"Wisconsin","Penn State",10,16,"Penn State @ Wisconsin","Wisconsin -5.5","49"
"91",401282822,2021,1,"Rutgers","Temple",61,14,"Temple @ Rutgers","Rutgers -14","52"
"92",401282772,2021,1,"Michigan","Western Michigan",47,14,"Western Michigan @ Michigan","Michigan -16.5","65.5"
"93",401282609,2021,1,"Boston College","Colgate",51,0,"Colgate @ Boston College","Boston College -42.5","56.5"
"94",401327913,2021,1,"Nebraska","Fordham",52,7,"Fordham @ Nebraska","Nebraska -42","55"
"110",401310861,2021,1,"Air Force","Lafayette",35,14,"Lafayette @ Air Force","Air Force -40.5","49.5"
"111",401309838,2021,1,"Oregon","Fresno State",31,24,"Fresno State @ Oregon","Oregon -19.5","63"
"114",401281943,2021,1,"Arkansas","Rice",38,17,"Rice @ Arkansas","Arkansas -19.5","50"
"125",401281942,2021,1,"Miami","Alabama",13,44,"Alabama @ Miami","Alabama -19.5","61.5"
"126",401282174,2021,1,"Navy","Marshall",7,49,"Marshall @ Navy","Marshall -3","46.5"
"127",401282764,2021,1,"Maryland","West Virginia",30,24,"West Virginia @ Maryland","West Virginia -2.5","57"
"129",401282723,2021,1,"Iowa","Indiana",34,6,"Indiana @ Iowa","Iowa -3.5","45.5"
"130",401300996,2021,1,"Cincinnati","Miami (OH)",49,14,"Miami (OH) @ Cincinnati","Cincinnati -22.5","49"
"135",401281949,2021,1,"Mississippi State","Louisiana Tech",35,34,"Louisiana Tech @ Mississippi State","Mississippi State -20.5","53"
"136",401281950,2021,1,"Missouri","Central Michigan",34,24,"Central Michigan @ Missouri","Missouri -14","59"
"137",401282612,2021,1,"Pittsburgh","UMass",51,7,"UMass @ Pittsburgh","Pittsburgh -37.5","56"
"138",401310697,2021,1,"Wyoming","Montana State",19,16,"Montana State @ Wyoming","Wyoming -19","45"
"141",401287887,2021,1,"Iowa State","Northern Iowa",16,10,"Northern Iowa @ Iowa State","Iowa State -28.5","50"
"142",401287892,2021,1,"Texas","Louisiana",38,18,"Louisiana @ Texas","Texas -8.5","58"
"143",401309842,2021,1,"USC","San José State",30,7,"San José State @ USC","USC -14","61"
"153",401286294,2021,1,"Liberty","Campbell",48,7,"Campbell @ Liberty","Liberty -35","65"
"161",401309543,2021,1,"Toledo","Norfolk State",49,10,"Norfolk State @ Toledo","Toledo -39.5","56"
"163",401309602,2021,1,"Troy","Southern",55,3,"Southern @ Troy","Troy -25","55"
"168",401281951,2021,1,"South Carolina","Eastern Illinois",46,0,"Eastern Illinois @ South Carolina","South Carolina -31.5","55.5"
"171",401282173,2021,1,"Middle Tennessee","Monmouth",50,15,"Monmouth @ Middle Tennessee","Middle Tennessee -8.5","58.5"
"172",401287886,2021,1,"Houston","Texas Tech",21,38,"Texas Tech @ Houston","Houston -2.5","63"
"173",401282819,2021,1,"Purdue","Oregon State",30,21,"Oregon State @ Purdue","Purdue -7","68"
"174",401282611,2021,1,"Ohio","Syracuse",9,29,"Syracuse @ Ohio","Ohio -2","55.5"
"178",401300998,2021,1,"SMU","Abilene Christian",56,9,"Abilene Christian @ SMU","SMU -32","66"
"180",401309598,2021,1,"Arkansas State","Central Arkansas",40,21,"Central Arkansas @ Arkansas State","Arkansas State -13.5","64"
"181",401287893,2021,1,"Texas State","Baylor",20,29,"Baylor @ Texas State","Baylor -13.5","52.5"
"182",401300997,2021,1,"Memphis","Nicholls",42,17,"Nicholls @ Memphis","Memphis -22.5","68"
"184",401281944,2021,1,"Auburn","Akron",60,10,"Akron @ Auburn","Auburn -37","56"
"185",401282610,2021,1,"Georgia Tech","Northern Illinois",21,22,"Northern Illinois @ Georgia Tech","Georgia Tech -19","57"
"186",401282613,2021,1,"Virginia","William & Mary",43,0,"William & Mary @ Virginia","Virginia -30.5","52.5"
"187",401281946,2021,1,"Clemson","Georgia",3,10,"Georgia @ Clemson","Clemson -2.5","51.5"
"189",401282179,2021,1,"Illinois","UT San Antonio",30,37,"UT San Antonio @ Illinois","Illinois -4.5","52"
"190",401281945,2021,1,"Florida","Florida Atlantic",35,14,"Florida Atlantic @ Florida","Florida -23.5","52"
"191",401282175,2021,1,"North Texas","Northwestern State",44,14,"Northwestern State @ North Texas","North Texas -20","66"
"193",401282053,2021,1,"Texas A&M","Kent State",41,10,"Kent State @ Texas A&M","Texas A&M -29.5","66"
"194",401282177,2021,1,"South Alabama","Southern Mississippi",31,7,"Southern Mississippi @ South Alabama","South Alabama -2","56.5"
"195",401287891,2021,1,"TCU","Duquesne",45,3,"Duquesne @ TCU","TCU -42","54.5"
"196",401309839,2021,1,"Washington","Montana",7,13,"Montana @ Washington","Washington -22.5","54"
"197",401282054,2021,1,"Vanderbilt","East Tennessee State",3,23,"East Tennessee State @ Vanderbilt","Vanderbilt -21","45"
"198",401281948,2021,1,"UCLA","LSU",38,27,"LSU @ UCLA","LSU -2","63.5"
"201",401310699,2021,1,"San Diego State","New Mexico State",28,10,"New Mexico State @ San Diego State","San Diego State -31","50.5"
"202",401309841,2021,1,"Arizona","BYU",16,24,"BYU @ Arizona","BYU -13.5","54"
"203",401309837,2021,1,"California","Nevada",17,22,"Nevada @ California","California -3","52.5"
"204",401309840,2021,1,"Washington State","Utah State",23,26,"Utah State @ Washington State","Washington State -17","66.5"
"209",401282614,2021,1,"Florida State","Notre Dame",38,41,"Notre Dame @ Florida State","Notre Dame -7.5","54"
"210",401282055,2021,1,"Ole Miss","Louisville",43,24,"Louisville @ Ole Miss","Ole Miss -9","74.5"
"219",401287896,2021,2,"Coastal Carolina","Kansas",49,22,"Kansas @ Coastal Carolina","Coastal Carolina -27","52"
"220",401282616,2021,2,"Duke","North Carolina A&T",45,17,"North Carolina A&T @ Duke","Duke -22.5","55.5"
"221",401282191,2021,2,"Boise State","UTEP",54,13,"UTEP @ Boise State","Boise State -25","56.5"
"222",401310701,2021,2,"Utah State","North Dakota",48,24,"North Dakota @ Utah State","Utah State -6.5","53.5"
"223",401282624,2021,2,"Virginia","Illinois",42,14,"Illinois @ Virginia","Virginia -10.5","56.5"
"224",401282193,2021,2,"Army","Western Kentucky",38,35,"Western Kentucky @ Army","Army -6","52"
"225",401309545,2021,2,"Kent State","VMI",60,10,"VMI @ Kent State","Kent State -20","72.5"
"226",401282066,2021,2,"Tennessee","Pittsburgh",34,41,"Pittsburgh @ Tennessee","Pittsburgh -3.5","56"
"230",401282804,2021,2,"Northwestern","Indiana State",24,6,"Indiana State @ Northwestern","Northwestern -28.5","46"
"231",401282809,2021,2,"Ohio State","Oregon",28,35,"Oregon @ Ohio State","Ohio State -15","65"
"232",401282065,2021,2,"East Carolina","South Carolina",17,20,"South Carolina @ East Carolina","South Carolina -2.5","56.5"
"233",401287899,2021,2,"Oklahoma State","Tulsa",28,23,"Tulsa @ Oklahoma State","Oklahoma State -12","51"
"235",401282625,2021,2,"Wake Forest","Norfolk State",41,16,"Norfolk State @ Wake Forest","Wake Forest -43","58"
"236",401282058,2021,2,"Auburn","Alabama State",62,0,"Alabama State @ Auburn","Auburn -49.5","60"
"237",401282783,2021,2,"Michigan State","Youngstown State",42,14,"Youngstown State @ Michigan State","Michigan State -28.5","52"
"238",401282790,2021,2,"Minnesota","Miami (OH)",31,26,"Miami (OH) @ Minnesota","Minnesota -19","55"
"241",401301000,2021,2,"Tulane","Morgan State",69,20,"Morgan State @ Tulane","Tulane -47.5","58"
"253",401282059,2021,2,"South Florida","Florida",20,42,"Florida @ South Florida","Florida -28.5","57.5"
"260",401309547,2021,2,"Northern Illinois","Wyoming",43,50,"Wyoming @ Northern Illinois","Wyoming -7","44.5"
"268",401282186,2021,2,"Virginia Tech","Middle Tennessee",35,14,"Middle Tennessee @ Virginia Tech","Virginia Tech -20","54.5"
"269",401282622,2021,2,"Syracuse","Rutgers",7,17,"Rutgers @ Syracuse","Rutgers -2.5","51"
"274",401309753,2021,2,"Ohio","Duquesne",26,28,"Duquesne @ Ohio","Ohio -28.5","49"
"278",401282705,2021,2,"Notre Dame","Toledo",32,29,"Toledo @ Notre Dame","Notre Dame -16.5","55.5"
"280",401282820,2021,2,"Connecticut","Purdue",0,49,"Purdue @ Connecticut","Purdue -35","57.5"
"287",401309548,2021,2,"Central Michigan","Robert Morris",45,0,"Robert Morris @ Central Michigan","Central Michigan -37.5","53.5"
"288",401301002,2021,2,"Cincinnati","Murray State",42,7,"Murray State @ Cincinnati","Cincinnati -36.5","51.5"
"289",401282060,2021,2,"Georgia","UAB",56,7,"UAB @ Georgia","Georgia -22.5","44"
"290",401301004,2021,2,"Navy","Air Force",3,23,"Air Force @ Navy","Air Force -6","39.5"
"292",401287900,2021,2,"TCU","California",34,32,"California @ TCU","TCU -11.5","46.5"
"293",401282067,2021,2,"Colorado","Texas A&M",7,10,"Texas A&M @ Colorado","Texas A&M -17","50"
"294",401282623,2021,2,"UMass","Boston College",28,45,"Boston College @ UMass","Boston College -39","57"
"295",401300999,2021,2,"Akron","Temple",24,45,"Temple @ Akron","Temple -6.5","51.5"
"296",401282183,2021,2,"Florida Atlantic","Georgia Southern",38,6,"Georgia Southern @ Florida Atlantic","Florida Atlantic -7","48.5"
"297",401282797,2021,2,"Nebraska","Buffalo",28,3,"Buffalo @ Nebraska","Nebraska -13.5","54.5"
"298",401282816,2021,2,"Penn State","Ball State",44,13,"Ball State @ Penn State","Penn State -22.5","58"
"303",401309546,2021,2,"Bowling Green","South Alabama",19,22,"South Alabama @ Bowling Green","South Alabama -14.5","48"
"307",401282754,2021,2,"Iowa State","Iowa",17,27,"Iowa @ Iowa State","Iowa State -4","45"
"309",401309544,2021,2,"Western Michigan","Illinois State",28,0,"Illinois State @ Western Michigan","Western Michigan -12.5","56.5"
"311",401282615,2021,2,"Clemson","South Carolina State",49,3,"South Carolina State @ Clemson","Clemson -50.5","56"
"312",401282192,2021,2,"UT San Antonio","Lamar",54,0,"Lamar @ UT San Antonio","UT San Antonio -38","65"
"314",401309845,2021,2,"Washington State","Portland State",44,24,"Portland State @ Washington State","Washington State -31","65.5"
"333",401282185,2021,2,"Marshall","North Carolina Central",44,10,"North Carolina Central @ Marshall","Marshall -42.5","53.5"
"335",401282189,2021,2,"Rice","Houston",7,44,"Houston @ Rice","Houston -7.5","50.5"
"336",401282187,2021,2,"SMU","North Texas",35,12,"North Texas @ SMU","SMU -22.5","73.5"
"337",401282057,2021,2,"Arkansas","Texas",40,21,"Texas @ Arkansas","Texas -6","57.5"
"338",401310700,2021,2,"New Mexico","New Mexico State",34,25,"New Mexico State @ New Mexico","New Mexico -19.5","55.5"
"339",401282620,2021,2,"Miami","Appalachian State",25,23,"Appalachian State @ Miami","Miami -7.5","54.5"
"341",401286295,2021,2,"Troy","Liberty",13,21,"Liberty @ Troy","Liberty -3","62.5"
"344",401301003,2021,2,"Arkansas State","Memphis",50,55,"Memphis @ Arkansas State","Memphis -5.5","64.5"
"372",401282064,2021,2,"Mississippi State","NC State",24,10,"NC State @ Mississippi State","NC State -1.5","55.5"
"373",401282825,2021,2,"Wisconsin","Eastern Michigan",34,7,"Eastern Michigan @ Wisconsin","Wisconsin -26","52"
"374",401282182,2021,2,"Florida International","Texas State",17,23,"Texas State @ Florida International","Florida International -2","55.5"
"375",401287901,2021,2,"Texas Tech","Stephen F. Austin",28,22,"Stephen F. Austin @ Texas Tech","Texas Tech -31.5","51.5"
"376",401287895,2021,2,"Baylor","Texas Southern",66,7,"Texas Southern @ Baylor","Baylor -44.5","53"
"377",401287897,2021,2,"Kansas State","Southern Illinois",31,23,"Southern Illinois @ Kansas State","Kansas State -17","55"
"378",401282188,2021,2,"Old Dominion","Hampton",47,7,"Hampton @ Old Dominion","Old Dominion -21.5","55"
"379",401282619,2021,2,"Louisville","Eastern Kentucky",30,3,"Eastern Kentucky @ Louisville","Louisville -30","62.5"
"381",401282190,2021,2,"Southern Mississippi","Grambling",37,0,"Grambling @ Southern Mississippi","Southern Mississippi -23","47.5"
"382",401287898,2021,2,"Oklahoma","Western Carolina",76,0,"Western Carolina @ Oklahoma","Oklahoma -52.5","66"
"383",401282184,2021,2,"Louisiana Tech","Southeastern Louisiana",45,42,"Southeastern Louisiana @ Louisiana Tech","Louisiana Tech -11.5","70.5"
"384",401286207,2021,2,"Maryland","Howard",62,0,"Howard @ Maryland","Maryland -48.5","56"
"386",401282063,2021,2,"Ole Miss","Austin Peay",54,17,"Austin Peay @ Ole Miss","Ole Miss -37","69.5"
"388",401282621,2021,2,"North Carolina","Georgia State",59,17,"Georgia State @ North Carolina","North Carolina -26","65.5"
"389",401282061,2021,2,"Kentucky","Missouri",35,28,"Missouri @ Kentucky","Kentucky -5.5","56.5"
"391",401282773,2021,2,"Michigan","Washington",31,10,"Washington @ Michigan","Michigan -6.5","47.5"
"397",401282617,2021,2,"Florida State","Jacksonville State",17,20,"Jacksonville State @ Florida State","Florida State -27.5","56.5"
"398",401282062,2021,2,"LSU","McNeese",34,7,"McNeese @ LSU","LSU -39","66"
"402",401282068,2021,2,"Colorado State","Vanderbilt",21,24,"Vanderbilt @ Colorado State","Colorado State -6.5","52"
"404",401309846,2021,2,"Arizona","San Diego State",14,38,"San Diego State @ Arizona","Arizona -1.5","46.5"
"405",401310702,2021,2,"Fresno State","Cal Poly",63,10,"Cal Poly @ Fresno State","Fresno State -32.5","59.5"
"406",401309848,2021,2,"BYU","Utah",26,17,"Utah @ BYU","Utah -7","50.5"
"407",401309843,2021,2,"USC","Stanford",28,42,"Stanford @ USC","USC -17.5","53.5"
"408",401309847,2021,2,"Arizona State","UNLV",37,10,"UNLV @ Arizona State","Arizona State -34.5","56"
"409",401310703,2021,2,"Nevada","Idaho State",49,10,"Idaho State @ Nevada","Nevada -35","56.5"
"410",401309844,2021,2,"Oregon State","Hawai'i",45,27,"Hawai'i @ Oregon State","Oregon State -11","65"
"415",401282626,2021,3,"Louisville","UCF",42,35,"UCF @ Louisville","UCF -7","67.5"
"416",401282715,2021,3,"Illinois","Maryland",17,20,"Maryland @ Illinois","Maryland -7","61.5"
"417",401286189,2021,3,"Army","Connecticut",52,21,"Connecticut @ Army","Army -34.5","48"
"418",401282725,2021,3,"Indiana","Cincinnati",24,38,"Cincinnati @ Indiana","Cincinnati -4","49.5"
"419",401282079,2021,3,"Texas A&M","New Mexico",34,0,"New Mexico @ Texas A&M","Texas A&M -30","49.5"
"420",401282629,2021,3,"Miami","Michigan State",17,38,"Michigan State @ Miami","Miami -7","57.5"
"421",401282632,2021,3,"Pittsburgh","Western Michigan",41,44,"Western Michigan @ Pittsburgh","Pittsburgh -14.5","58.5"
"422",401282634,2021,3,"Temple","Boston College",3,28,"Boston College @ Temple","Boston College -15","55.5"
"423",401282636,2021,3,"West Virginia","Virginia Tech",27,21,"Virginia Tech @ West Virginia","West Virginia -2","49.5"
"424",401282774,2021,3,"Michigan","Northern Illinois",63,10,"Northern Illinois @ Michigan","Michigan -27.5","55"
"425",401282798,2021,3,"Oklahoma","Nebraska",23,16,"Nebraska @ Oklahoma","Oklahoma -22.5","62.5"
"431",401282078,2021,3,"Tennessee","Tennessee Tech",56,0,"Tennessee Tech @ Tennessee","Tennessee -38","53"
"432",401309552,2021,3,"Buffalo","Coastal Carolina",25,28,"Coastal Carolina @ Buffalo","Coastal Carolina -14","58"
"433",401282077,2021,3,"Missouri","Southeast Missouri State",59,28,"Southeast Missouri State @ Missouri","Missouri -34.5","59"
"434",401282633,2021,3,"Syracuse","Albany",62,24,"Albany @ Syracuse","Syracuse -21.5","41"
"435",401282073,2021,3,"Kentucky","Chattanooga",28,23,"Chattanooga @ Kentucky","Kentucky -33.5","47.5"
"460",401282791,2021,3,"Colorado","Minnesota",0,30,"Minnesota @ Colorado","Colorado -2.5","49"
"465",401287905,2021,3,"Kansas State","Nevada",38,17,"Nevada @ Kansas State","Nevada -1.5","51.5"
"486",401282706,2021,3,"Notre Dame","Purdue",27,13,"Purdue @ Notre Dame","Notre Dame -7.5","58.5"
"494",401282635,2021,3,"Wake Forest","Florida State",35,14,"Florida State @ Wake Forest","Wake Forest -4.5","62.5"
"496",401309604,2021,3,"Appalachian State","Elon",44,10,"Elon @ Appalachian State","Appalachian State -35.5","52.5"
"497",401282199,2021,3,"Louisiana Tech","SMU",37,39,"SMU @ Louisiana Tech","SMU -11","65.5"
"499",401282755,2021,3,"Iowa","Kent State",30,7,"Kent State @ Iowa","Iowa -22.5","55.5"
"500",401282071,2021,3,"Florida","Alabama",29,31,"Alabama @ Florida","Alabama -14","60"
"501",401287904,2021,3,"Kansas","Baylor",7,45,"Baylor @ Kansas","Baylor -17","48.5"
"502",401286300,2021,3,"UMass","Eastern Michigan",28,42,"Eastern Michigan @ UMass","Eastern Michigan -22","56.5"
"503",401309852,2021,3,"Washington State","USC",14,45,"USC @ Washington State","USC -7","61"
"504",401282627,2021,3,"Clemson","Georgia Tech",14,8,"Georgia Tech @ Clemson","Clemson -27.5","52.5"
"505",401282810,2021,3,"Ohio State","Tulsa",41,20,"Tulsa @ Ohio State","Ohio State -24.5","60.5"
"506",401282823,2021,3,"Rutgers","Delaware",45,13,"Delaware @ Rutgers","Rutgers -20","45"
"508",401309550,2021,3,"Akron","Bryant",35,14,"Bryant @ Akron","Akron -14","49.5"
"509",401282069,2021,3,"Arkansas","Georgia Southern",45,10,"Georgia Southern @ Arkansas","Arkansas -23","52.5"
"511",401309553,2021,3,"Toledo","Colorado State",6,22,"Colorado State @ Toledo","Toledo -14.5","59"
"512",401309849,2021,3,"California","Sacramento State",42,30,"Sacramento State @ California","California -24.5","49"
"514",401282076,2021,3,"Memphis","Mississippi State",31,29,"Mississippi State @ Memphis","Mississippi State -3.5","63.5"
"515",401309549,2021,3,"Wyoming","Ball State",45,12,"Ball State @ Wyoming","Wyoming -6.5","53"
"516",401282628,2021,3,"Duke","Northwestern",30,23,"Northwestern @ Duke","Northwestern -2.5","50"
"517",401309605,2021,3,"Washington","Arkansas State",52,3,"Arkansas State @ Washington","Washington -17.5","58.5"
"519",401309551,2021,3,"Bowling Green","Murray State",27,10,"Murray State @ Bowling Green","Murray State -2.5","44"
"538",401282194,2021,3,"UT San Antonio","Middle Tennessee",27,13,"Middle Tennessee @ UT San Antonio","UT San Antonio -11.5","59.5"
"540",401282198,2021,3,"Florida Atlantic","Fordham",45,14,"Fordham @ Florida Atlantic","Florida Atlantic -31","51.5"
"542",401282201,2021,3,"Liberty","Old Dominion",45,17,"Old Dominion @ Liberty","Liberty -27.5","52.5"
"543",401282200,2021,3,"Marshall","East Carolina",38,42,"East Carolina @ Marshall","Marshall -10","58.5"
"547",401282203,2021,3,"Southern Mississippi","Troy",9,21,"Troy @ Southern Mississippi","Troy -11","49.5"
"548",401309856,2021,3,"San Diego State","Utah",33,31,"Utah @ San Diego State","Utah -8","43"
"560",401282196,2021,3,"Georgia State","Charlotte",20,9,"Charlotte @ Georgia State","Georgia State -4.5","63"
"561",401282197,2021,3,"Texas Tech","Florida International",54,21,"Florida International @ Texas Tech","Texas Tech -20.5","54"
"562",401301005,2021,3,"Houston","Grambling",45,0,"Grambling @ Houston","Houston -41","51.5"
"563",401301006,2021,3,"South Florida","Florida A&M",38,17,"Florida A&M @ South Florida","South Florida -22.5","50"
"564",401309609,2021,3,"Texas State","Incarnate Word",34,42,"Incarnate Word @ Texas State","Texas State -10.5","70"
"565",401282072,2021,3,"Georgia","South Carolina",40,13,"South Carolina @ Georgia","Georgia -31.5","47.5"
"582",401310704,2021,3,"Air Force","Utah State",45,49,"Utah State @ Air Force","Air Force -9","54.5"
"583",401282630,2021,3,"NC State","Furman",45,7,"Furman @ NC State","NC State -27.5","45"
"584",401309850,2021,3,"Oregon","Stony Brook",48,7,"Stony Brook @ Oregon","Oregon -42","54.5"
"585",401282631,2021,3,"North Carolina","Virginia",59,39,"Virginia @ North Carolina","North Carolina -7.5","66.5"
"586",401282070,2021,3,"Penn State","Auburn",28,20,"Auburn @ Penn State","Penn State -4","52.5"
"587",401282195,2021,3,"North Texas","UAB",6,40,"UAB @ North Texas","UAB -12.5","58"
"588",401282074,2021,3,"LSU","Central Michigan",49,21,"Central Michigan @ LSU","LSU -19.5","60.5"
"590",401319455,2021,3,"New Mexico State","South Carolina State",43,35,"South Carolina State @ New Mexico State","New Mexico State -3.5","54.5"
"591",401282075,2021,3,"Ole Miss","Tulane",61,21,"Tulane @ Ole Miss","Ole Miss -14","77"
"592",401282202,2021,3,"Texas","Rice",58,0,"Rice @ Texas","Texas -26","51.5"
"593",401282080,2021,3,"Vanderbilt","Stanford",23,41,"Stanford @ Vanderbilt","Stanford -12.5","49"
"594",401309608,2021,3,"South Alabama","Alcorn State",28,21,"Alcorn State @ South Alabama","South Alabama -21.5","44.5"
"596",401309607,2021,3,"Louisiana Monroe","Jackson State",12,7,"Jackson State @ Louisiana Monroe","Louisiana Monroe -4.5","52"
"604",401287903,2021,3,"Boise State","Oklahoma State",20,21,"Oklahoma State @ Boise State","Boise State -3.5","58"
"606",401309853,2021,3,"Arizona","Northern Arizona",19,21,"Northern Arizona @ Arizona","Arizona -26.5","53.5"
"607",401309854,2021,3,"BYU","Arizona State",27,17,"Arizona State @ BYU","Arizona State -3","50.5"
"608",401287906,2021,3,"UNLV","Iowa State",3,48,"Iowa State @ UNLV","Iowa State -32","52.5"
"609",401309855,2021,3,"UCLA","Fresno State",37,40,"Fresno State @ UCLA","UCLA -11","65"
"610",401310705,2021,3,"Hawai'i","San José State",13,17,"San José State @ Hawai'i","San José State -8","63"
"611",401282208,2021,4,"Appalachian State","Marshall",31,30,"Marshall @ Appalachian State","Appalachian State -7","59.5"
"613",401282204,2021,4,"Charlotte","Middle Tennessee",42,39,"Middle Tennessee @ Charlotte","Charlotte -2.5","55.5"
"614",401282638,2021,4,"Virginia","Wake Forest",17,37,"Wake Forest @ Virginia","Virginia -3.5","71"
"616",401282637,2021,4,"Syracuse","Liberty",24,21,"Liberty @ Syracuse","Liberty -6.5","54"
"617",401310707,2021,4,"Fresno State","UNLV",38,30,"UNLV @ Fresno State","Fresno State -30","59"
"622",401301010,2021,4,"Temple","Wagner",41,7,"Wagner @ Temple","Temple -36.5","54.5"
"623",401282644,2021,4,"Pittsburgh","New Hampshire",77,7,"New Hampshire @ Pittsburgh","Pittsburgh -29","53"
"624",401282645,2021,4,"Virginia Tech","Richmond",21,10,"Richmond @ Virginia Tech","Virginia Tech -29","50"
"625",401282792,2021,4,"Minnesota","Bowling Green",10,14,"Bowling Green @ Minnesota","Minnesota -30.5","51"
"626",401310706,2021,4,"Utah State","Boise State",3,27,"Boise State @ Utah State","Boise State -9.5","69.5"
"627",401282707,2021,4,"Wisconsin","Notre Dame",13,41,"Notre Dame @ Wisconsin","Wisconsin -6","44"
"628",401282817,2021,4,"Penn State","Villanova",38,17,"Villanova @ Penn State","Penn State -29.5","53"
"629",401282206,2021,4,"Central Michigan","Florida International",31,27,"Florida International @ Central Michigan","Central Michigan -12","55.5"
"630",401282088,2021,4,"Vanderbilt","Georgia",0,62,"Georgia @ Vanderbilt","Georgia -36","54"
"639",401287911,2021,4,"Texas","Texas Tech",70,35,"Texas Tech @ Texas","Texas -9","62.5"
"640",401282085,2021,4,"Mississippi State","LSU",25,28,"LSU @ Mississippi State","LSU -1.5","55"
"641",401287910,2021,4,"TCU","SMU",34,42,"SMU @ TCU","TCU -9.5","65.5"
"642",401282805,2021,4,"Northwestern","Ohio",35,6,"Ohio @ Northwestern","Northwestern -13.5","47.5"
"643",401282086,2021,4,"Boston College","Missouri",41,34,"Missouri @ Boston College","Boston College -1","58"
"644",401308834,2021,4,"Army","Miami (OH)",23,10,"Miami (OH) @ Army","Army -7.5","48.5"
"646",401282642,2021,4,"Miami","Central Connecticut",69,0,"Central Connecticut @ Miami","Miami -46","55.5"
"655",401286301,2021,4,"Coastal Carolina","UMass",53,3,"UMass @ Coastal Carolina","Coastal Carolina -36","66"
"681",401309557,2021,4,"Eastern Michigan","Texas State",59,21,"Texas State @ Eastern Michigan","Eastern Michigan -7.5","62.5"
"682",401309554,2021,4,"Western Michigan","San José State",23,3,"San José State @ Western Michigan","Western Michigan -2.5","62"
"685",401309555,2021,4,"Ball State","Toledo",12,22,"Toledo @ Ball State","Toledo -4.5","56.5"
"691",401309556,2021,4,"Northern Illinois","Maine",41,14,"Maine @ Northern Illinois","Northern Illinois -21.5","62"
"693",401309861,2021,4,"Utah","Washington State",24,13,"Washington State @ Utah","Utah -15","53"
"712",401310709,2021,4,"San Diego State","Towson",48,21,"Towson @ San Diego State","San Diego State -23","41"
"714",401282716,2021,4,"Purdue","Illinois",13,9,"Illinois @ Purdue","Purdue -10.5","53.5"
"715",401282756,2021,4,"Iowa","Colorado State",24,14,"Colorado State @ Iowa","Iowa -23.5","43.5"
"716",401282765,2021,4,"Maryland","Kent State",37,16,"Kent State @ Maryland","Maryland -13","71.5"
"717",401282775,2021,4,"Michigan","Rutgers",20,13,"Rutgers @ Michigan","Michigan -20.5","50"
"718",401282640,2021,4,"Florida State","Louisville",23,31,"Louisville @ Florida State","Florida State -1.5","61"
"719",401282643,2021,4,"NC State","Clemson",27,21,"Clemson @ NC State","Clemson -10.5","47.5"
"720",401286190,2021,4,"Connecticut","Wyoming",22,24,"Wyoming @ Connecticut","Wyoming -31.5","53.5"
"721",401282082,2021,4,"Arkansas","Texas A&M",20,10,"Texas A&M @ Arkansas","Texas A&M -4.5","47"
"722",401282213,2021,4,"Memphis","UT San Antonio",28,31,"UT San Antonio @ Memphis","Memphis -3","66.5"
"723",401287907,2021,4,"Baylor","Iowa State",31,29,"Iowa State @ Baylor","Iowa State -7","46"
"725",401282639,2021,4,"Duke","Kansas",52,33,"Kansas @ Duke","Duke -16.5","57.5"
"727",401282083,2021,4,"Auburn","Georgia State",34,24,"Georgia State @ Auburn","Auburn -27.5","57"
"736",401301011,2021,4,"Tulsa","Arkansas State",41,34,"Arkansas State @ Tulsa","Tulsa -14.5","65"
"739",401309610,2021,4,"Georgia Southern","Louisiana",20,28,"Louisiana @ Georgia Southern","Louisiana -14.5","54.5"
"740",401309858,2021,4,"Stanford","UCLA",24,35,"UCLA @ Stanford","UCLA -4","60"
"749",401282209,2021,4,"Old Dominion","Buffalo",34,35,"Buffalo @ Old Dominion","Buffalo -13","50.5"
"752",401301007,2021,4,"East Carolina","Charleston Southern",31,28,"Charleston Southern @ East Carolina","East Carolina -24.5","59"
"756",401282210,2021,4,"Rice","Texas Southern",48,34,"Texas Southern @ Rice","Rice -37","53.5"
"760",401282784,2021,4,"Michigan State","Nebraska",23,20,"Nebraska @ Michigan State","Michigan State -3.5","55"
"761",401287909,2021,4,"Oklahoma State","Kansas State",31,20,"Kansas State @ Oklahoma State","Oklahoma State -6","47.5"
"762",401282087,2021,4,"South Carolina","Kentucky",10,16,"Kentucky @ South Carolina","Kentucky -4.5","49"
"764",401282084,2021,4,"Florida","Tennessee",38,14,"Tennessee @ Florida","Florida -19","65"
"774",401301008,2021,4,"Houston","Navy",28,20,"Navy @ Houston","Houston -20","47"
"778",401282205,2021,4,"Louisiana Tech","North Texas",24,17,"North Texas @ Louisiana Tech","Louisiana Tech -10.5","65"
"779",401282081,2021,4,"Alabama","Southern Mississippi",63,14,"Southern Mississippi @ Alabama","Alabama -45","58.5"
"780",401282811,2021,4,"Ohio State","Akron",59,7,"Akron @ Ohio State","Ohio State -48.5","66.5"
"781",401287908,2021,4,"Oklahoma","West Virginia",16,13,"West Virginia @ Oklahoma","Oklahoma -17.5","56.5"
"782",401282641,2021,4,"Georgia Tech","North Carolina",45,22,"North Carolina @ Georgia Tech","North Carolina -14.5","65.5"
"783",401282207,2021,4,"Air Force","Florida Atlantic",31,7,"Florida Atlantic @ Air Force","Air Force -3.5","54"
"784",401310708,2021,4,"New Mexico State","Hawai'i",21,41,"Hawai'i @ New Mexico State","Hawai'i -17","63"
"788",401282214,2021,4,"Western Kentucky","Indiana",31,33,"Indiana @ Western Kentucky","Indiana -9.5","62.5"
"790",401309611,2021,4,"Louisiana Monroe","Troy",29,16,"Troy @ Louisiana Monroe","Troy -23.5","49.5"
"791",401282211,2021,4,"Tulane","UAB",21,28,"UAB @ Tulane","Tulane -2.5","54.5"
"798",401282212,2021,4,"UTEP","New Mexico",20,13,"New Mexico @ UTEP","New Mexico -2.5","54"
"799",401309857,2021,4,"Washington","California",31,24,"California @ Washington","Washington -7.5","47.5"
"800",401301009,2021,4,"BYU","South Florida",35,27,"South Florida @ BYU","BYU -23.5","54.5"
"801",401309859,2021,4,"Oregon","Arizona",41,19,"Arizona @ Oregon","Oregon -29.5","59"
"802",401309862,2021,4,"Arizona State","Colorado",35,13,"Colorado @ Arizona State","Arizona State -14","45.5"
"803",401309860,2021,4,"USC","Oregon State",27,45,"Oregon State @ USC","USC -11","63"
"806",401282646,2021,5,"Miami","Virginia",28,30,"Virginia @ Miami","Miami -3.5","63.5"
"810",401301012,2021,5,"Tulsa","Houston",10,45,"Houston @ Tulsa","Tulsa -3.5","54"
"811",401282759,2021,5,"Maryland","Iowa",14,51,"Iowa @ Maryland","Iowa -3","47.5"
"812",401309912,2021,5,"Utah State","BYU",20,34,"BYU @ Utah State","BYU -8","65.5"
"814",401287915,2021,5,"TCU","Texas",27,32,"Texas @ TCU","Texas -4","65.5"
"815",401282093,2021,5,"Missouri","Tennessee",24,62,"Tennessee @ Missouri","Missouri -2.5","66"
"816",401282090,2021,5,"Georgia","Arkansas",37,0,"Arkansas @ Georgia","Georgia -16.5","48.5"
"820",401282650,2021,5,"North Carolina","Duke",38,7,"Duke @ North Carolina","North Carolina -19.5","74.5"
"821",401301015,2021,5,"Temple","Memphis",34,31,"Memphis @ Temple","Memphis -11","59"
"822",401282776,2021,5,"Wisconsin","Michigan",17,38,"Michigan @ Wisconsin","Wisconsin -2.5","43.5"
"823",401282793,2021,5,"Purdue","Minnesota",13,20,"Minnesota @ Purdue","Purdue -2.5","46"
"824",401286302,2021,5,"UMass","Toledo",7,45,"Toledo @ UMass","Toledo -27","56.5"
"825",401282649,2021,5,"Georgia Tech","Pittsburgh",21,52,"Pittsburgh @ Georgia Tech","Pittsburgh -3","57.5"
"826",401309561,2021,5,"Buffalo","Western Michigan",17,24,"Western Michigan @ Buffalo","Western Michigan -7","59.5"
"831",401282219,2021,5,"Illinois","Charlotte",24,14,"Charlotte @ Illinois","Illinois -10.5","54"
"833",401282651,2021,5,"Wake Forest","Louisville",37,34,"Louisville @ Wake Forest","Wake Forest -7","64.5"
"862",401309612,2021,5,"Georgia State","Appalachian State",16,45,"Appalachian State @ Georgia State","Appalachian State -10","54.5"
"876",401309867,2021,5,"Colorado","USC",14,37,"USC @ Colorado","USC -9","51"
"887",401309614,2021,5,"Coastal Carolina","Louisiana Monroe",59,6,"Louisiana Monroe @ Coastal Carolina","Coastal Carolina -33.5","57.5"
"888",401309558,2021,5,"Northern Illinois","Eastern Michigan",27,20,"Eastern Michigan @ Northern Illinois","Northern Illinois -1.5","62"
"890",401282708,2021,5,"Notre Dame","Cincinnati",13,24,"Cincinnati @ Notre Dame","Cincinnati -2","50"
"918",401287916,2021,5,"West Virginia","Texas Tech",20,23,"Texas Tech @ West Virginia","West Virginia -7.5","55.5"
"919",401282089,2021,5,"Alabama","Ole Miss",42,21,"Ole Miss @ Alabama","Alabama -15","79.5"
"920",401282813,2021,5,"Rutgers","Ohio State",13,52,"Ohio State @ Rutgers","Ohio State -15","58"
"921",401282648,2021,5,"Florida State","Syracuse",33,30,"Syracuse @ Florida State","Florida State -5.5","50.5"
"922",401309864,2021,5,"Stanford","Oregon",31,24,"Oregon @ Stanford","Oregon -8.5","57.5"
"923",401282094,2021,5,"South Carolina","Troy",23,14,"Troy @ South Carolina","South Carolina -6.5","43.5"
"924",401301014,2021,5,"East Carolina","Tulane",52,29,"Tulane @ East Carolina","Tulane -3","64.5"
"925",401301013,2021,5,"Navy","UCF",34,30,"UCF @ Navy","UCF -15","52.5"
"926",401310711,2021,5,"Boise State","Nevada",31,41,"Nevada @ Boise State","Boise State -3.5","59"
"927",401309560,2021,5,"Akron","Ohio",17,34,"Ohio @ Akron","Ohio -9.5","55"
"928",401282215,2021,5,"Florida Atlantic","Florida International",58,21,"Florida International @ Florida Atlantic","Florida Atlantic -10.5","52"
"929",401287913,2021,5,"Kansas State","Oklahoma",31,37,"Oklahoma @ Kansas State","Oklahoma -12.5","53"
"930",401309562,2021,5,"Kent State","Bowling Green",27,20,"Bowling Green @ Kent State","Kent State -16.5","56"
"931",401308835,2021,5,"Miami (OH)","Central Michigan",28,17,"Central Michigan @ Miami (OH)","Central Michigan -1.5","56"
"932",401301016,2021,5,"SMU","South Florida",41,17,"South Florida @ SMU","SMU -21","68.5"
"933",401309613,2021,5,"Georgia Southern","Arkansas State",59,33,"Arkansas State @ Georgia Southern","Georgia Southern -2","66"
"950",401309559,2021,5,"Ball State","Army",28,16,"Army @ Ball State","Army -10","47.5"
"951",401309863,2021,5,"California","Washington State",6,21,"Washington State @ California","California -7.5","52.5"
"953",401282091,2021,5,"Kentucky","Florida",20,13,"Florida @ Kentucky","Florida -7.5","56.5"
"954",401282222,2021,5,"UT San Antonio","UNLV",24,17,"UNLV @ UT San Antonio","UT San Antonio -21.5","55.5"
"955",401282220,2021,5,"NC State","Louisiana Tech",34,27,"Louisiana Tech @ NC State","NC State -17.5","56"
"962",401310710,2021,5,"New Mexico","Air Force",10,38,"Air Force @ New Mexico","Air Force -11.5","45.5"
"963",401282218,2021,5,"Rice","Southern Mississippi",24,19,"Southern Mississippi @ Rice","Rice -1.5","44.5"
"964",401282216,2021,5,"Middle Tennessee","Marshall",34,28,"Marshall @ Middle Tennessee","Marshall -10.5","65.5"
"965",401282095,2021,5,"Texas A&M","Mississippi State",22,26,"Mississippi State @ Texas A&M","Texas A&M -7","45.5"
"966",401282221,2021,5,"UAB","Liberty",12,36,"Liberty @ UAB","UAB -3","49.5"
"969",401287912,2021,5,"Iowa State","Kansas",59,7,"Kansas @ Iowa State","Iowa State -34.5","57"
"970",401287914,2021,5,"Oklahoma State","Baylor",24,14,"Baylor @ Oklahoma State","Oklahoma State -4","47"
"982",401282647,2021,5,"Clemson","Boston College",19,13,"Boston College @ Clemson","Clemson -14.5","46.5"
"983",401282729,2021,5,"Penn State","Indiana",24,0,"Indiana @ Penn State","Penn State -12.5","54"
"984",401282096,2021,5,"Vanderbilt","Connecticut",30,28,"Connecticut @ Vanderbilt","Vanderbilt -14.5","51"
"985",401282800,2021,5,"Nebraska","Northwestern",56,7,"Northwestern @ Nebraska","Nebraska -11.5","51.5"
"986",401282223,2021,5,"Michigan State","Western Kentucky",48,31,"Western Kentucky @ Michigan State","Michigan State -10.5","66.5"
"988",401309615,2021,5,"South Alabama","Louisiana",18,20,"Louisiana @ South Alabama","Louisiana -12","52.5"
"993",401282092,2021,5,"LSU","Auburn",19,24,"Auburn @ LSU","LSU -3","56"
"994",401309865,2021,5,"Oregon State","Washington",27,24,"Washington @ Oregon State","Oregon State -2.5","57.5"
"995",401282217,2021,5,"UTEP","Old Dominion",28,21,"Old Dominion @ UTEP","UTEP -5.5","48.5"
"999",401310713,2021,5,"San José State","New Mexico State",37,31,"New Mexico State @ San José State","San José State -25.5","51.5"
"1000",401309866,2021,5,"UCLA","Arizona State",23,42,"Arizona State @ UCLA","UCLA -3","56"
"1001",401310712,2021,5,"Hawai'i","Fresno State",27,24,"Fresno State @ Hawai'i","Fresno State -10.5","64.5"
"1002",401301017,2021,6,"Tulane","Houston",22,40,"Houston @ Tulane","Houston -6.5","60"
"1003",401309616,2021,6,"Arkansas State","Coastal Carolina",20,52,"Coastal Carolina @ Arkansas State","Coastal Carolina -20","74.5"
"1005",401301018,2021,6,"Cincinnati","Temple",52,3,"Temple @ Cincinnati","Cincinnati -30","52.5"
"1006",401282224,2021,6,"Florida International","Charlotte",33,45,"Charlotte @ Florida International","Charlotte -3.5","60.5"
"1009",401309868,2021,6,"Arizona State","Stanford",28,10,"Stanford @ Arizona State","Arizona State -13.5","53.5"
"1011",401282100,2021,6,"Ole Miss","Arkansas",52,51,"Arkansas @ Ole Miss","Ole Miss -5","66.5"
"1012",401287918,2021,6,"Texas","Oklahoma",48,55,"Oklahoma @ Texas","Oklahoma -4","65"
"1013",401282098,2021,6,"Florida","Vanderbilt",42,0,"Vanderbilt @ Florida","Florida -39","60"
"1014",401282788,2021,6,"Rutgers","Michigan State",13,31,"Michigan State @ Rutgers","Michigan State -4","49.5"
"1015",401309564,2021,6,"Toledo","Northern Illinois",20,22,"Northern Illinois @ Toledo","Toledo -13","51"
"1016",401282769,2021,6,"Ohio State","Maryland",66,17,"Maryland @ Ohio State","Ohio State -21.5","71.5"
"1017",401282102,2021,6,"Tennessee","South Carolina",45,20,"South Carolina @ Tennessee","Tennessee -10.5","56.5"
"1018",401287917,2021,6,"Baylor","West Virginia",45,20,"West Virginia @ Baylor","Baylor -1","45"
"1019",401309566,2021,6,"Bowling Green","Akron",20,35,"Akron @ Bowling Green","Bowling Green -14","46"
"1031",401282652,2021,6,"Duke","Georgia Tech",27,31,"Georgia Tech @ Duke","Georgia Tech -4.5","60.5"
"1088",401282226,2021,6,"Marshall","Old Dominion",20,13,"Old Dominion @ Marshall","Marshall -21","62.5"
"1109",401282653,2021,6,"Louisville","Virginia",33,34,"Virginia @ Louisville","Louisville -2.5","69.5"
"1121",401282654,2021,6,"North Carolina","Florida State",25,35,"Florida State @ North Carolina","North Carolina -17.5","64.5"
"1122",401286191,2021,6,"UMass","Connecticut",27,13,"Connecticut @ UMass","Connecticut -3","57"
"1123",401309563,2021,6,"Western Michigan","Ball State",20,45,"Ball State @ Western Michigan","Western Michigan -12.5","57.5"
"1124",401301021,2021,6,"Navy","SMU",24,31,"SMU @ Navy","SMU -13.5","56.5"
"1126",401282229,2021,6,"Liberty","Middle Tennessee",41,13,"Middle Tennessee @ Liberty","Liberty -20","59"
"1127",401309913,2021,6,"BYU","Boise State",17,26,"Boise State @ BYU","BYU -6","58"
"1128",401282718,2021,6,"Illinois","Wisconsin",0,24,"Wisconsin @ Illinois","Wisconsin -12","42"
"1129",401282097,2021,6,"Auburn","Georgia",10,34,"Georgia @ Auburn","Georgia -14.5","45.5"
"1130",401282655,2021,6,"Syracuse","Wake Forest",37,40,"Wake Forest @ Syracuse","Wake Forest -6","58.5"
"1131",401282225,2021,6,"UAB","Florida Atlantic",31,14,"Florida Atlantic @ UAB","UAB -3.5","49"
"1132",401308836,2021,6,"Eastern Michigan","Miami (OH)",13,12,"Miami (OH) @ Eastern Michigan","Miami (OH) -2.5","58.5"
"1134",401309567,2021,6,"Ohio","Central Michigan",27,30,"Central Michigan @ Ohio","Central Michigan -5","57.5"
"1135",401310715,2021,6,"Colorado State","San José State",32,14,"San José State @ Colorado State","Colorado State -3.5","44.5"
"1136",401282101,2021,6,"Missouri","North Texas",48,35,"North Texas @ Missouri","Missouri -18.5","69"
"1139",401282758,2021,6,"Iowa","Penn State",23,20,"Penn State @ Iowa","Iowa -2.5","41"
"1145",401309869,2021,6,"Washington State","Oregon State",31,24,"Oregon State @ Washington State","Oregon State -4","59"
"1161",401301019,2021,6,"UCF","East Carolina",20,16,"East Carolina @ UCF","UCF -10","65.5"
"1162",401309565,2021,6,"Kent State","Buffalo",48,38,"Buffalo @ Kent State","Kent State -7","66"
"1163",401309617,2021,6,"Troy","Georgia Southern",27,24,"Georgia Southern @ Troy","Troy -5.5","50.5"
"1164",401310714,2021,6,"Air Force","Wyoming",24,14,"Wyoming @ Air Force","Air Force -5.5","46.5"
"1166",401309619,2021,6,"Texas State","South Alabama",33,31,"South Alabama @ Texas State","South Alabama -4","52.5"
"1167",401282227,2021,6,"Southern Mississippi","UTEP",13,26,"UTEP @ Southern Mississippi","UTEP -1.5","46"
"1173",401287919,2021,6,"Texas Tech","TCU",31,52,"TCU @ Texas Tech","TCU -2.5","60.5"
"1174",401282228,2021,6,"Western Kentucky","UT San Antonio",46,52,"UT San Antonio @ Western Kentucky","Western Kentucky -3.5","71.5"
"1175",401282656,2021,6,"Virginia Tech","Notre Dame",29,32,"Notre Dame @ Virginia Tech","Virginia Tech -1","47"
"1176",401282099,2021,6,"Kentucky","LSU",42,21,"LSU @ Kentucky","Kentucky -2","50.5"
"1177",401282778,2021,6,"Nebraska","Michigan",29,32,"Michigan @ Nebraska","Michigan -2.5","50"
"1179",401309871,2021,6,"USC","Utah",26,42,"Utah @ USC","USC -3","52.5"
"1182",401309618,2021,6,"Louisiana Monroe","Georgia State",21,55,"Georgia State @ Louisiana Monroe","Georgia State -16","49.5"
"1185",401282103,2021,6,"Texas A&M","Alabama",41,38,"Alabama @ Texas A&M","Alabama -18.5","51"
"1186",401301020,2021,6,"Tulsa","Memphis",35,29,"Memphis @ Tulsa","Tulsa -3","60.5"
"1187",401310716,2021,6,"San Diego State","New Mexico",31,7,"New Mexico @ San Diego State","San Diego State -19.5","42.5"
"1189",401310717,2021,6,"Nevada","New Mexico State",55,28,"New Mexico State @ Nevada","Nevada -28.5","65"
"1190",401309870,2021,6,"Arizona","UCLA",16,34,"UCLA @ Arizona","UCLA -16","61"
"1191",401309620,2021,7,"Louisiana","Appalachian State",41,13,"Appalachian State @ Louisiana","Appalachian State -4","57.5"
"1193",401301022,2021,7,"Memphis","Navy",35,17,"Navy @ Memphis","Memphis -11","55.5"
"1194",401309621,2021,7,"South Alabama","Georgia Southern",41,14,"Georgia Southern @ South Alabama","South Alabama -2.5","49.5"
"1195",401282657,2021,7,"Syracuse","Clemson",14,17,"Clemson @ Syracuse","Clemson -13.5","44"
"1196",401282231,2021,7,"North Texas","Marshall",21,49,"Marshall @ North Texas","Marshall -11","66"
"1199",401309872,2021,7,"Oregon","California",24,17,"California @ Oregon","Oregon -13.5","53.5"
"1200",401310723,2021,7,"San José State","San Diego State",13,19,"San Diego State @ San José State","San Diego State -9.5","41"
"1201",401309571,2021,7,"Buffalo","Ohio",27,26,"Ohio @ Buffalo","Buffalo -7.5","54.5"
"1202",401301023,2021,7,"Cincinnati","UCF",56,21,"UCF @ Cincinnati","Cincinnati -21.5","56"
"1203",401282104,2021,7,"Arkansas","Auburn",23,38,"Auburn @ Arkansas","Arkansas -4.5","54.5"
"1204",401282731,2021,7,"Indiana","Michigan State",15,20,"Michigan State @ Indiana","Michigan State -3.5","48.5"
"1205",401287924,2021,7,"Texas","Oklahoma State",24,32,"Oklahoma State @ Texas","Texas -3.5","61"
"1206",401282807,2021,7,"Northwestern","Rutgers",21,7,"Rutgers @ Northwestern","Rutgers -2.5","45"
"1207",401286192,2021,7,"Connecticut","Yale",21,15,"Yale @ Connecticut","Yale -3.5","46.5"
"1208",401301024,2021,7,"South Florida","Tulsa",31,32,"Tulsa @ South Florida","Tulsa -7","55.5"
"1209",401282796,2021,7,"Minnesota","Nebraska",30,23,"Nebraska @ Minnesota","Nebraska -4.5","48.5"
"1217",401282106,2021,7,"LSU","Florida",49,42,"Florida @ LSU","Florida -12.5","61"
"1218",401282108,2021,7,"Missouri","Texas A&M",14,35,"Texas A&M @ Missouri","Texas A&M -11.5","59.5"
"1225",401282660,2021,7,"Virginia","Duke",48,0,"Duke @ Virginia","Virginia -10.5","69.5"
"1265",401309568,2021,7,"Eastern Michigan","Ball State",31,38,"Ball State @ Eastern Michigan","Ball State -1","55"
"1283",401308837,2021,7,"Miami (OH)","Akron",34,21,"Akron @ Miami (OH)","Miami (OH) -20","51"
"1294",401309622,2021,7,"Texas State","Troy",28,31,"Troy @ Texas State","Troy -7.5","48.5"
"1308",401309875,2021,7,"Colorado","Arizona",34,0,"Arizona @ Colorado","Colorado -6","46.5"
"1309",401282760,2021,7,"Iowa","Purdue",7,24,"Purdue @ Iowa","Iowa -11.5","42.5"
"1310",401287920,2021,7,"Baylor","BYU",38,24,"BYU @ Baylor","Baylor -5.5","52.5"
"1311",401282659,2021,7,"North Carolina","Miami",45,42,"Miami @ North Carolina","North Carolina -7.5","63.5"
"1312",401282661,2021,7,"Virginia Tech","Pittsburgh",7,28,"Pittsburgh @ Virginia Tech","Pittsburgh -6.5","56"
"1313",401309572,2021,7,"Western Michigan","Kent State",64,31,"Kent State @ Western Michigan","Western Michigan -7","68.5"
"1316",401309570,2021,7,"Northern Illinois","Bowling Green",34,26,"Bowling Green @ Northern Illinois","Northern Illinois -9","45"
"1318",401310721,2021,7,"Wyoming","Fresno State",0,17,"Fresno State @ Wyoming","Fresno State -3","53.5"
"1319",401282232,2021,7,"Old Dominion","Western Kentucky",20,43,"Western Kentucky @ Old Dominion","Western Kentucky -13.5","66.5"
"1320",401282105,2021,7,"Georgia","Kentucky",30,13,"Kentucky @ Georgia","Georgia -21.5","44.5"
"1321",401309569,2021,7,"Central Michigan","Toledo",26,23,"Toledo @ Central Michigan","Toledo -5","53"
"1322",401282234,2021,7,"Southern Mississippi","UAB",0,34,"UAB @ Southern Mississippi","UAB -17","43.5"
"1324",401282109,2021,7,"South Carolina","Vanderbilt",21,20,"Vanderbilt @ South Carolina","South Carolina -18.5","50"
"1330",401287921,2021,7,"Kansas","Texas Tech",14,41,"Texas Tech @ Kansas","Texas Tech -18.5","68.5"
"1352",401282233,2021,7,"UT San Antonio","Rice",45,0,"Rice @ UT San Antonio","UT San Antonio -17","53.5"
"1353",401286296,2021,7,"Louisiana Monroe","Liberty",31,28,"Liberty @ Louisiana Monroe","Liberty -32.5","56.5"
"1354",401282107,2021,7,"Mississippi State","Alabama",9,49,"Alabama @ Mississippi State","Alabama -17.5","59.5"
"1356",401310719,2021,7,"New Mexico","Colorado State",7,36,"Colorado State @ New Mexico","Colorado State -13","45"
"1358",401310720,2021,7,"UNLV","Utah State",24,28,"Utah State @ UNLV","Utah State -7","64"
"1363",401282658,2021,7,"Boston College","NC State",7,33,"NC State @ Boston College","NC State -3","51"
"1364",401309873,2021,7,"Washington State","Stanford",34,31,"Stanford @ Washington State","Washington State -1","53"
"1365",401287922,2021,7,"Kansas State","Iowa State",20,33,"Iowa State @ Kansas State","Iowa State -6.5","51"
"1366",401287923,2021,7,"Oklahoma","TCU",52,31,"TCU @ Oklahoma","Oklahoma -12.5","64.5"
"1367",401282110,2021,7,"Tennessee","Ole Miss",26,31,"Ole Miss @ Tennessee","Ole Miss -1","82.5"
"1369",401282826,2021,7,"Wisconsin","Army",20,14,"Army @ Wisconsin","Wisconsin -14","37.5"
"1373",401309874,2021,7,"Washington","UCLA",17,24,"UCLA @ Washington","Washington -1.5","55.5"
"1374",401282230,2021,7,"UTEP","Louisiana Tech",19,3,"Louisiana Tech @ UTEP","Louisiana Tech -6.5","55.5"
"1375",401310718,2021,7,"Boise State","Air Force",17,24,"Air Force @ Boise State","Boise State -3","52"
"1377",401309876,2021,7,"Utah","Arizona State",35,21,"Arizona State @ Utah","Utah -1.5","51.5"
"1378",401310722,2021,7,"Nevada","Hawai'i",34,17,"Hawai'i @ Nevada","Nevada -14","61.5"
"1379",401309623,2021,8,"Appalachian State","Coastal Carolina",30,27,"Coastal Carolina @ Appalachian State","Coastal Carolina -4.5","60.5"
"1380",401309624,2021,8,"Arkansas State","Louisiana",27,28,"Louisiana @ Arkansas State","Louisiana -18","70"
"1381",401282235,2021,8,"Charlotte","Florida Atlantic",9,38,"Florida Atlantic @ Charlotte","Florida Atlantic -6.5","58"
"1382",401301025,2021,8,"SMU","Tulane",55,26,"Tulane @ SMU","SMU -14","70.5"
"1383",401310729,2021,8,"UNLV","San José State",20,27,"San José State @ UNLV","San José State -6","44"
"1385",401282239,2021,8,"Connecticut","Middle Tennessee",13,44,"Middle Tennessee @ Connecticut","Middle Tennessee -14","54"
"1386",401301026,2021,8,"UCF","Memphis",24,7,"Memphis @ UCF","UCF -1","63"
"1387",401310725,2021,8,"Utah State","Colorado State",26,24,"Colorado State @ Utah State","Colorado State -3","58.5"
"1388",401309877,2021,8,"Arizona","Washington",16,21,"Washington @ Arizona","Washington -17","45.5"
"1390",401301027,2021,8,"Navy","Cincinnati",20,27,"Cincinnati @ Navy","Cincinnati -28.5","48.5"
"1391",401282663,2021,8,"Florida State","UMass",59,3,"UMass @ Florida State","Florida State -35.5","59"
"1392",401282662,2021,8,"Army","Wake Forest",56,70,"Wake Forest @ Army","Wake Forest -3","54"
"1393",401282717,2021,8,"Penn State","Illinois",18,20,"Illinois @ Penn State","Penn State -24.5","45.5"
"1394",401282779,2021,8,"Michigan","Northwestern",33,7,"Northwestern @ Michigan","Michigan -23.5","51"
"1395",401287926,2021,8,"Kansas","Oklahoma",23,35,"Oklahoma @ Kansas","Oklahoma -38.5","66.5"
"1396",401309577,2021,8,"Central Michigan","Northern Illinois",38,39,"Northern Illinois @ Central Michigan","Central Michigan -6","56"
"1397",401309574,2021,8,"Bowling Green","Eastern Michigan",24,55,"Eastern Michigan @ Bowling Green","Eastern Michigan -4","50"
"1398",401282112,2021,8,"Arkansas","Arkansas-Pine Bluff",45,3,"Arkansas-Pine Bluff @ Arkansas","Arkansas -50.5","59.5"
"1412",401287928,2021,8,"Texas Tech","Kansas State",24,25,"Kansas State @ Texas Tech","Kansas State -1","60.5"
"1413",401282668,2021,8,"Virginia Tech","Syracuse",36,41,"Syracuse @ Virginia Tech","Virginia Tech -3.5","45.5"
"1443",401309576,2021,8,"Ohio","Kent State",27,34,"Kent State @ Ohio","Kent State -5.5","68.5"
"1460",401309625,2021,8,"Georgia State","Texas State",28,16,"Texas State @ Georgia State","Georgia State -10.5","58.5"
"1486",401282821,2021,8,"Purdue","Wisconsin",13,30,"Wisconsin @ Purdue","Wisconsin -3.5","41"
"1505",401308838,2021,8,"Ball State","Miami (OH)",17,24,"Miami (OH) @ Ball State","Ball State -3.5","53"
"1506",401309573,2021,8,"Toledo","Western Michigan",34,15,"Western Michigan @ Toledo","Western Michigan -1.5","54.5"
"1507",401287925,2021,8,"Iowa State","Oklahoma State",24,21,"Oklahoma State @ Iowa State","Iowa State -7","47"
"1508",401282238,2021,8,"UAB","Rice",24,30,"Rice @ UAB","UAB -23.5","44.5"
"1509",401282666,2021,8,"Pittsburgh","Clemson",27,17,"Clemson @ Pittsburgh","Pittsburgh -3.5","47"
"1510",401309881,2021,8,"Washington State","BYU",19,21,"BYU @ Washington State","BYU -3.5","56.5"
"1511",401309575,2021,8,"Akron","Buffalo",10,45,"Buffalo @ Akron","Buffalo -13.5","58"
"1512",401282767,2021,8,"Minnesota","Maryland",34,16,"Maryland @ Minnesota","Minnesota -4","53"
"1513",401310726,2021,8,"Wyoming","New Mexico",3,14,"New Mexico @ Wyoming","Wyoming -20","40.5"
"1514",401309878,2021,8,"California","Colorado",26,3,"Colorado @ California","California -8.5","44"
"1517",401309879,2021,8,"UCLA","Oregon",31,34,"Oregon @ UCLA","UCLA -1","61.5"
"1518",401282113,2021,8,"Ole Miss","LSU",31,17,"LSU @ Ole Miss","Ole Miss -9","77"
"1521",401301028,2021,8,"Houston","East Carolina",31,24,"East Carolina @ Houston","Houston -13.5","56.5"
"1523",401282115,2021,8,"Vanderbilt","Mississippi State",6,45,"Mississippi State @ Vanderbilt","Mississippi State -20.5","53"
"1531",401282664,2021,8,"Louisville","Boston College",28,14,"Boston College @ Louisville","Louisville -4","57.5"
"1532",401282240,2021,8,"North Texas","Liberty",26,35,"Liberty @ North Texas","Liberty -21","61"
"1539",401282236,2021,8,"Florida International","Western Kentucky",19,34,"Western Kentucky @ Florida International","Western Kentucky -16.5","77.5"
"1541",401310724,2021,8,"Air Force","San Diego State",14,20,"San Diego State @ Air Force","Air Force -3","39"
"1544",401309626,2021,8,"Louisiana Monroe","South Alabama",41,31,"South Alabama @ Louisiana Monroe","South Alabama -13.5","51"
"1547",401301029,2021,8,"South Florida","Temple",34,14,"Temple @ South Florida","South Florida -1.5","55"
"1548",401282237,2021,8,"Louisiana Tech","UT San Antonio",16,45,"UT San Antonio @ Louisiana Tech","UT San Antonio -5.5","59.5"
"1550",401310727,2021,8,"Fresno State","Nevada",34,32,"Nevada @ Fresno State","Fresno State -3.5","64.5"
"1552",401282111,2021,8,"Alabama","Tennessee",52,24,"Tennessee @ Alabama","Alabama -25.5","68"
"1554",401282667,2021,8,"Virginia","Georgia Tech",48,40,"Georgia Tech @ Virginia","Virginia -6.5","65.5"
"1555",401282730,2021,8,"Indiana","Ohio State",7,54,"Ohio State @ Indiana","Ohio State -21","59"
"1556",401309880,2021,8,"Oregon State","Utah",42,34,"Utah @ Oregon State","Utah -3","58"
"1558",401282665,2021,8,"Miami","NC State",31,30,"NC State @ Miami","NC State -3.5","54.5"
"1559",401282709,2021,8,"Notre Dame","USC",31,16,"USC @ Notre Dame","Notre Dame -7.5","59.5"
"1560",401287927,2021,8,"TCU","West Virginia",17,29,"West Virginia @ TCU","TCU -4.5","58"
"1561",401282114,2021,8,"Texas A&M","South Carolina",44,14,"South Carolina @ Texas A&M","Texas A&M -19.5","46"
"1570",401309627,2021,9,"Coastal Carolina","Troy",35,28,"Troy @ Coastal Carolina","Coastal Carolina -17","50"
"1571",401301033,2021,9,"East Carolina","South Florida",29,14,"South Florida @ East Carolina","East Carolina -9.5","55.5"
"1573",401301030,2021,9,"Tulsa","Navy",17,20,"Navy @ Tulsa","Tulsa -11","46"
"1574",401310734,2021,9,"Nevada","UNLV",51,20,"UNLV @ Nevada","Nevada -19","58.5"
"1579",401282763,2021,9,"Wisconsin","Iowa",27,7,"Iowa @ Wisconsin","Wisconsin -3","36"
"1580",401282671,2021,9,"Georgia Tech","Virginia Tech",17,26,"Virginia Tech @ Georgia Tech","Georgia Tech -3.5","55.5"
"1581",401301032,2021,9,"Tulane","Cincinnati",12,31,"Cincinnati @ Tulane","Cincinnati -28","61.5"
"1582",401282674,2021,9,"Pittsburgh","Miami",34,38,"Miami @ Pittsburgh","Pittsburgh -9.5","61"
"1583",401282726,2021,9,"Maryland","Indiana",38,35,"Indiana @ Maryland","Maryland -3.5","48"
"1584",401286297,2021,9,"Liberty","UMass",62,17,"UMass @ Liberty","Liberty -35.5","56"
"1585",401282777,2021,9,"Michigan State","Michigan",37,33,"Michigan @ Michigan State","Michigan -4","50.5"
"1586",401287929,2021,9,"Baylor","Texas",31,24,"Texas @ Baylor","Baylor -2.5","61.5"
"1587",401301031,2021,9,"Temple","UCF",7,49,"UCF @ Temple","UCF -11.5","52"
"1592",401309578,2021,9,"Buffalo","Bowling Green",44,56,"Bowling Green @ Buffalo","Buffalo -13.5","51.5"
"1593",401282719,2021,9,"Illinois","Rutgers",14,20,"Rutgers @ Illinois","Rutgers -1.5","41.5"
"1596",401309631,2021,9,"Louisiana","Texas State",45,0,"Texas State @ Louisiana","Louisiana -21","58"
"1636",401287933,2021,9,"West Virginia","Iowa State",38,31,"Iowa State @ West Virginia","Iowa State -7.5","49"
"1637",401282246,2021,9,"Rice","North Texas",24,30,"North Texas @ Rice","Rice -1.5","55"
"1696",401309885,2021,9,"Arizona State","Washington State",21,34,"Washington State @ Arizona State","Arizona State -16.5","54.5"
"1697",401310731,2021,9,"Utah State","Hawai'i",51,31,"Hawai'i @ Utah State","Utah State -4.5","66"
"1698",401282119,2021,9,"Vanderbilt","Missouri",28,37,"Missouri @ Vanderbilt","Missouri -16","62.5"
"1699",401282245,2021,9,"Middle Tennessee","Southern Mississippi",35,10,"Southern Mississippi @ Middle Tennessee","Middle Tennessee -12.5","47.5"
"1700",401309884,2021,9,"Oregon","Colorado",52,29,"Colorado @ Oregon","Oregon -24.5","49.5"
"1701",401282795,2021,9,"Northwestern","Minnesota",14,41,"Minnesota @ Northwestern","Minnesota -7.5","44"
"1702",401282117,2021,9,"Florida","Georgia",7,34,"Georgia @ Florida","Georgia -14","50.5"
"1703",401287931,2021,9,"Oklahoma","Texas Tech",52,21,"Texas Tech @ Oklahoma","Oklahoma -19","67"
"1704",401287930,2021,9,"Kansas State","TCU",31,12,"TCU @ Kansas State","Kansas State -3.5","58.5"
"1705",401282801,2021,9,"Nebraska","Purdue",23,28,"Purdue @ Nebraska","Nebraska -7.5","54"
"1706",401282670,2021,9,"Clemson","Florida State",30,20,"Florida State @ Clemson","Clemson -9.5","47.5"
"1707",401282242,2021,9,"Marshall","Florida International",38,0,"Florida International @ Marshall","Marshall -21.5","64"
"1708",401282675,2021,9,"Syracuse","Boston College",21,6,"Boston College @ Syracuse","Syracuse -6.5","51.5"
"1709",401282244,2021,9,"Old Dominion","Louisiana Tech",23,20,"Louisiana Tech @ Old Dominion","Louisiana Tech -4","52.5"
"1710",401309628,2021,9,"Appalachian State","Louisiana Monroe",59,28,"Louisiana Monroe @ Appalachian State","Appalachian State -27","57.5"
"1723",401282676,2021,9,"Wake Forest","Duke",45,7,"Duke @ Wake Forest","Wake Forest -16.5","71.5"
"1724",401310732,2021,9,"San José State","Wyoming",27,21,"Wyoming @ San José State","San José State -3","40.5"
"1726",401282241,2021,9,"Western Kentucky","Charlotte",45,13,"Charlotte @ Western Kentucky","Western Kentucky -19.5","72"
"1727",401309629,2021,9,"South Alabama","Arkansas State",31,13,"Arkansas State @ South Alabama","South Alabama -9","66"
"1733",401282243,2021,9,"Florida Atlantic","UTEP",28,25,"UTEP @ Florida Atlantic","Florida Atlantic -10.5","49"
"1737",401309630,2021,9,"Georgia Southern","Georgia State",14,21,"Georgia State @ Georgia Southern","Georgia State -6","55"
"1739",401309882,2021,9,"California","Oregon State",39,25,"Oregon State @ California","Oregon State -2","56.5"
"1740",401287932,2021,9,"Oklahoma State","Kansas",55,3,"Kansas @ Oklahoma State","Oklahoma State -29","54.5"
"1743",401301034,2021,9,"Houston","SMU",44,37,"SMU @ Houston","SMU -1","61.5"
"1744",401310730,2021,9,"Colorado State","Boise State",19,28,"Boise State @ Colorado State","Boise State -2","51.5"
"1745",401309886,2021,9,"USC","Arizona",41,34,"Arizona @ USC","USC -21.5","55.5"
"1746",401282118,2021,9,"Mississippi State","Kentucky",31,17,"Kentucky @ Mississippi State","Mississippi State -1","47"
"1747",401282116,2021,9,"Auburn","Ole Miss",31,20,"Ole Miss @ Auburn","Auburn -3","67.5"
"1750",401282672,2021,9,"NC State","Louisville",28,13,"Louisville @ NC State","NC State -6","57"
"1751",401282814,2021,9,"Ohio State","Penn State",33,24,"Penn State @ Ohio State","Ohio State -18.5","60.5"
"1752",401282673,2021,9,"Notre Dame","North Carolina",44,34,"North Carolina @ Notre Dame","Notre Dame -3.5","62.5"
"1757",401309887,2021,9,"Utah","UCLA",44,24,"UCLA @ Utah","Utah -6.5","60.5"
"1758",401282669,2021,9,"BYU","Virginia",66,49,"Virginia @ BYU","BYU -2.5","66.5"
"1759",401309883,2021,9,"Stanford","Washington",13,20,"Washington @ Stanford","Stanford -2.5","46"
"1760",401310733,2021,9,"San Diego State","Fresno State",20,30,"Fresno State @ San Diego State","Fresno State -2.5","44.5"
"1761",401309579,2021,10,"Akron","Ball State",25,31,"Ball State @ Akron","Ball State -20","57.5"
"1762",401309580,2021,10,"Toledo","Eastern Michigan",49,52,"Eastern Michigan @ Toledo","Toledo -9.5","54.5"
"1763",401308839,2021,10,"Ohio","Miami (OH)",35,33,"Miami (OH) @ Ohio","Miami (OH) -7","54.5"
"1764",401309581,2021,10,"Western Michigan","Central Michigan",30,42,"Central Michigan @ Western Michigan","Western Michigan -9","64.5"
"1765",401309582,2021,10,"Kent State","Northern Illinois",52,47,"Northern Illinois @ Kent State","Kent State -3.5","72"
"1766",401309632,2021,10,"Louisiana","Georgia State",21,17,"Georgia State @ Louisiana","Louisiana -13.5","53.5"
"1769",401282677,2021,10,"Boston College","Virginia Tech",17,3,"Virginia Tech @ Boston College","Virginia Tech -1","51"
"1770",401309888,2021,10,"Stanford","Utah",7,52,"Utah @ Stanford","Utah -11","51.5"
"1771",401310253,2021,10,"Air Force","Army",14,21,"Army @ Air Force","Air Force -2.5","37.5"
"1772",401282720,2021,10,"Minnesota","Illinois",6,14,"Illinois @ Minnesota","Minnesota -14.5","44"
"1784",401301039,2021,10,"Memphis","SMU",28,25,"SMU @ Memphis","SMU -3.5","70.5"
"1785",401282250,2021,10,"UAB","Louisiana Tech",52,38,"Louisiana Tech @ UAB","UAB -13.5","49"
"1786",401282124,2021,10,"Ole Miss","Liberty",27,14,"Liberty @ Ole Miss","Ole Miss -7.5","67"
"1787",401282122,2021,10,"Georgia","Missouri",43,6,"Missouri @ Georgia","Georgia -40","59.5"
"1788",401287935,2021,10,"Kansas","Kansas State",10,35,"Kansas State @ Kansas","Kansas State -24","55.5"
"1790",401282682,2021,10,"North Carolina","Wake Forest",58,55,"Wake Forest @ North Carolina","North Carolina -2.5","78"
"1791",401282799,2021,10,"Nebraska","Ohio State",17,26,"Ohio State @ Nebraska","Ohio State -14","67.5"
"1793",401282678,2021,10,"Duke","Pittsburgh",29,54,"Pittsburgh @ Duke","Pittsburgh -21","64.5"
"1805",401282681,2021,10,"Miami","Georgia Tech",33,30,"Georgia Tech @ Miami","Miami -10","63"
"1880",401309633,2021,10,"Arkansas State","Appalachian State",14,48,"Appalachian State @ Arkansas State","Appalachian State -21.5","68"
"1884",401309889,2021,10,"Arizona","California",10,3,"California @ Arizona","California -7","47"
"1886",401282252,2021,10,"Southern Mississippi","North Texas",14,38,"North Texas @ Southern Mississippi","North Texas -5.5","49"
"1906",401309635,2021,10,"Texas State","Louisiana Monroe",27,19,"Louisiana Monroe @ Texas State","Texas State -3","57.5"
"1908",401301035,2021,10,"East Carolina","Temple",45,3,"Temple @ East Carolina","East Carolina -15.5","52.5"
"1909",401287936,2021,10,"TCU","Baylor",30,28,"Baylor @ TCU","Baylor -7.5","57"
"1910",401282126,2021,10,"Texas A&M","Auburn",20,3,"Auburn @ Texas A&M","Texas A&M -4.5","49.5"
"1911",401286303,2021,10,"UMass","Rhode Island",22,35,"Rhode Island @ UMass","UMass -2.5","55.5"
"1912",401309914,2021,10,"BYU","Idaho State",59,14,"Idaho State @ BYU","BYU -36.5","55"
"1913",401301037,2021,10,"Cincinnati","Tulsa",28,20,"Tulsa @ Cincinnati","Cincinnati -22.5","56"
"1914",401282824,2021,10,"Rutgers","Wisconsin",3,52,"Wisconsin @ Rutgers","Wisconsin -13","37.5"
"1915",401282787,2021,10,"Purdue","Michigan State",40,29,"Michigan State @ Purdue","Michigan State -2.5","53.5"
"1916",401282251,2021,10,"Western Kentucky","Middle Tennessee",48,21,"Middle Tennessee @ Western Kentucky","Western Kentucky -17.5","66.5"
"1917",401310736,2021,10,"Wyoming","Colorado State",31,17,"Colorado State @ Wyoming","Colorado State -3","41.5"
"1918",401282247,2021,10,"Charlotte","Rice",31,24,"Rice @ Charlotte","Charlotte -6.5","52.5"
"1920",401282710,2021,10,"Notre Dame","Navy",34,6,"Navy @ Notre Dame","Notre Dame -21","47.5"
"1921",401282768,2021,10,"Maryland","Penn State",14,31,"Penn State @ Maryland","Penn State -10","56.5"
"1922",401309636,2021,10,"Troy","South Alabama",31,24,"South Alabama @ Troy","Troy -3.5","47.5"
"1923",401287937,2021,10,"West Virginia","Oklahoma State",3,24,"Oklahoma State @ West Virginia","Oklahoma State -3.5","49"
"1924",401282679,2021,10,"Florida State","NC State",14,28,"NC State @ Florida State","NC State -3","55.5"
"1925",401301036,2021,10,"UCF","Tulane",14,10,"Tulane @ UCF","UCF -13.5","57"
"1928",401282121,2021,10,"Arkansas","Mississippi State",31,28,"Mississippi State @ Arkansas","Arkansas -4","53.5"
"1931",401310738,2021,10,"New Mexico State","Utah State",13,35,"Utah State @ New Mexico State","Utah State -18.5","72.5"
"1939",401309634,2021,10,"Georgia Southern","Coastal Carolina",8,28,"Coastal Carolina @ Georgia Southern","Coastal Carolina -16","56.5"
"1940",401282249,2021,10,"Florida Atlantic","Marshall",13,28,"Marshall @ Florida Atlantic","Marshall -1.5","57.5"
"1941",401310737,2021,10,"New Mexico","UNLV",17,31,"UNLV @ New Mexico","New Mexico -1.5","45"
"1942",401310735,2021,10,"Fresno State","Boise State",14,40,"Boise State @ Fresno State","Fresno State -4","61"
"1943",401282120,2021,10,"Alabama","LSU",20,14,"LSU @ Alabama","Alabama -29","67"
"1944",401282757,2021,10,"Northwestern","Iowa",12,17,"Iowa @ Northwestern","Iowa -12","40.5"
"1947",401282248,2021,10,"Florida International","Old Dominion",24,47,"Old Dominion @ Florida International","Old Dominion -3","50"
"1948",401309891,2021,10,"Colorado","Oregon State",37,34,"Oregon State @ Colorado","Oregon State -11.5","55.5"
"1949",401282123,2021,10,"Kentucky","Tennessee",42,45,"Tennessee @ Kentucky","Tennessee -1","57.5"
"1951",401287934,2021,10,"Iowa State","Texas",30,7,"Texas @ Iowa State","Iowa State -6","59.5"
"1952",401301038,2021,10,"South Florida","Houston",42,54,"Houston @ South Florida","Houston -13.5","53"
"1953",401309890,2021,10,"Washington","Oregon",16,26,"Oregon @ Washington","Oregon -7","48"
"1954",401282727,2021,10,"Michigan","Indiana",29,7,"Indiana @ Michigan","Michigan -20.5","51"
"1955",401282125,2021,10,"South Carolina","Florida",40,17,"Florida @ South Carolina","Florida -20.5","52"
"1956",401282680,2021,10,"Louisville","Clemson",24,30,"Clemson @ Louisville","Clemson -3.5","46.5"
"1958",401310740,2021,10,"Nevada","San José State",27,24,"San José State @ Nevada","Nevada -11.5","55.5"
"1959",401282253,2021,10,"UTEP","UT San Antonio",23,44,"UT San Antonio @ UTEP","UT San Antonio -11.5","53"
"1960",401309892,2021,10,"Arizona State","USC",31,16,"USC @ Arizona State","Arizona State -9.5","62"
"1961",401310739,2021,10,"Hawai'i","San Diego State",10,17,"San Diego State @ Hawai'i","San Diego State -7","45.5"
"1962",401308840,2021,11,"Miami (OH)","Buffalo",45,18,"Buffalo @ Miami (OH)","Miami (OH) -7","58"
"1963",401309584,2021,11,"Western Michigan","Akron",45,40,"Akron @ Western Michigan","Western Michigan -24.5","62"
"1964",401309583,2021,11,"Eastern Michigan","Ohio",26,34,"Ohio @ Eastern Michigan","Eastern Michigan -6","62"
"1965",401309587,2021,11,"Northern Illinois","Ball State",30,29,"Ball State @ Northern Illinois","Ball State -2.5","60"
"1966",401309585,2021,11,"Bowling Green","Toledo",17,49,"Toledo @ Bowling Green","Toledo -10.5","50"
"1967",401309586,2021,11,"Central Michigan","Kent State",54,30,"Kent State @ Central Michigan","Central Michigan -2.5","76.5"
"1968",401282683,2021,11,"Pittsburgh","North Carolina",30,23,"North Carolina @ Pittsburgh","Pittsburgh -6.5","72"
"1969",401301040,2021,11,"South Florida","Cincinnati",28,45,"Cincinnati @ South Florida","Cincinnati -23.5","58.5"
"1971",401310742,2021,11,"Boise State","Wyoming",23,13,"Wyoming @ Boise State","Boise State -13.5","48.5"
"1973",401287938,2021,11,"Baylor","Oklahoma",27,14,"Oklahoma @ Baylor","Oklahoma -4","62.5"
"1979",401301043,2021,11,"Temple","Houston",8,37,"Houston @ Temple","Houston -24.5","52.5"
"1982",401287939,2021,11,"Kansas State","West Virginia",34,17,"West Virginia @ Kansas State","Kansas State -6","47"
"1984",401301041,2021,11,"SMU","UCF",55,28,"UCF @ SMU","SMU -7","61.5"
"1989",401282806,2021,11,"Wisconsin","Northwestern",35,7,"Northwestern @ Wisconsin","Wisconsin -25.5","41.5"
"1991",401282780,2021,11,"Penn State","Michigan",17,21,"Michigan @ Penn State","Michigan -2.5","48.5"
"1992",401301042,2021,11,"Memphis","East Carolina",29,30,"East Carolina @ Memphis","Memphis -4","58.5"
"1993",401282128,2021,11,"Auburn","Mississippi State",34,43,"Mississippi State @ Auburn","Auburn -5.5","51"
"1996",401282728,2021,11,"Indiana","Rutgers",3,38,"Rutgers @ Indiana","Indiana -6.5","42.5"
"1997",401282687,2021,11,"Louisville","Syracuse",41,3,"Syracuse @ Louisville","Louisville -3","55.5"
"1998",401282127,2021,11,"Alabama","New Mexico State",59,3,"New Mexico State @ Alabama","Alabama -50.5","67"
"2001",401282684,2021,11,"Clemson","Connecticut",44,7,"Connecticut @ Clemson","Clemson -40.5","50.5"
"2003",401286304,2021,11,"UMass","Maine",10,35,"Maine @ UMass","Maine -5","58.5"
"2007",401310254,2021,11,"Army","Bucknell",63,10,"Bucknell @ Army","Army -51.5","58.5"
"2009",401282129,2021,11,"Florida","Samford",70,52,"Samford @ Florida","Florida -36","68.5"
"2063",401309639,2021,11,"Coastal Carolina","Georgia State",40,42,"Georgia State @ Coastal Carolina","Coastal Carolina -12.5","53.5"
"2064",401282259,2021,11,"Rice","Western Kentucky",21,42,"Western Kentucky @ Rice","Western Kentucky -19","61.5"
"2065",401309896,2021,11,"Arizona","Utah",29,38,"Utah @ Arizona","Utah -24","54.5"
"2084",401309637,2021,11,"Appalachian State","South Alabama",31,7,"South Alabama @ Appalachian State","Appalachian State -21.5","52"
"2098",401309640,2021,11,"Texas State","Georgia Southern",30,38,"Georgia Southern @ Texas State","Texas State -2","52"
"2105",401282762,2021,11,"Iowa","Minnesota",27,22,"Minnesota @ Iowa","Iowa -4","37"
"2107",401282255,2021,11,"Middle Tennessee","Florida International",50,10,"Florida International @ Middle Tennessee","Middle Tennessee -10.5","55"
"2108",401282254,2021,11,"Louisiana Tech","Charlotte",42,32,"Charlotte @ Louisiana Tech","Louisiana Tech -7","57.5"
"2109",401282133,2021,11,"Tennessee","Georgia",17,41,"Georgia @ Tennessee","Georgia -19.5","55.5"
"2110",401309641,2021,11,"Troy","Louisiana",21,35,"Louisiana @ Troy","Louisiana -6.5","48"
"2111",401287942,2021,11,"Texas Tech","Iowa State",41,38,"Iowa State @ Texas Tech","Iowa State -12.5","55.5"
"2112",401282689,2021,11,"Virginia Tech","Duke",48,17,"Duke @ Virginia Tech","Virginia Tech -13","50.5"
"2113",401282686,2021,11,"Georgia Tech","Boston College",30,41,"Boston College @ Georgia Tech","Boston College -1.5","55.5"
"2114",401282812,2021,11,"Ohio State","Purdue",59,31,"Purdue @ Ohio State","Ohio State -19","65"
"2115",401282685,2021,11,"Florida State","Miami",31,28,"Miami @ Florida State","Miami -2.5","61.5"
"2116",401282260,2021,11,"UT San Antonio","Southern Mississippi",27,17,"Southern Mississippi @ UT San Antonio","UT San Antonio -32.5","54.5"
"2117",401282257,2021,11,"Marshall","UAB",14,21,"UAB @ Marshall","Marshall -4.5","55.5"
"2118",401282256,2021,11,"Old Dominion","Florida Atlantic",30,16,"Florida Atlantic @ Old Dominion","Florida Atlantic -6.5","48"
"2120",401282771,2021,11,"Michigan State","Maryland",40,21,"Maryland @ Michigan State","Michigan State -11.5","60.5"
"2123",401310745,2021,11,"UNLV","Hawai'i",27,13,"Hawai'i @ UNLV","Hawai'i -3.5","55.5"
"2124",401301044,2021,11,"Tulane","Tulsa",13,20,"Tulsa @ Tulane","Tulsa -3","55.5"
"2125",401282132,2021,11,"Missouri","South Carolina",31,28,"South Carolina @ Missouri","South Carolina -1.5","55"
"2126",401282258,2021,11,"North Texas","UTEP",20,17,"UTEP @ North Texas","North Texas -1","55"
"2132",401309638,2021,11,"Louisiana Monroe","Arkansas State",24,27,"Arkansas State @ Louisiana Monroe","Louisiana Monroe -3","66.5"
"2135",401309894,2021,11,"Oregon State","Stanford",35,14,"Stanford @ Oregon State","Oregon State -12.5","56.5"
"2136",401310741,2021,11,"Colorado State","Air Force",21,35,"Air Force @ Colorado State","Air Force -3","45"
"2139",401309897,2021,11,"Washington","Arizona State",30,35,"Arizona State @ Washington","Arizona State -6","45.5"
"2140",401310743,2021,11,"Fresno State","New Mexico",34,7,"New Mexico @ Fresno State","Fresno State -24","51"
"2141",401282131,2021,11,"Ole Miss","Texas A&M",29,19,"Texas A&M @ Ole Miss","Texas A&M -1","57.5"
"2142",401282134,2021,11,"Vanderbilt","Kentucky",17,34,"Kentucky @ Vanderbilt","Kentucky -21.5","52.5"
"2143",401287941,2021,11,"Texas","Kansas",56,57,"Kansas @ Texas","Texas -31","61.5"
"2144",401282690,2021,11,"Wake Forest","NC State",45,42,"NC State @ Wake Forest","Wake Forest -1","64.5"
"2145",401282130,2021,11,"LSU","Arkansas",13,16,"Arkansas @ LSU","Arkansas -3","59.5"
"2146",401282688,2021,11,"Virginia","Notre Dame",3,28,"Notre Dame @ Virginia","Notre Dame -8.5","62"
"2147",401287940,2021,11,"Oklahoma State","TCU",63,17,"TCU @ Oklahoma State","Oklahoma State -11","54"
"2153",401309898,2021,11,"UCLA","Colorado",44,20,"Colorado @ UCLA","UCLA -18","57"
"2154",401310744,2021,11,"San José State","Utah State",17,48,"Utah State @ San José State","San José State -4.5","58"
"2155",401309895,2021,11,"Oregon","Washington State",38,24,"Washington State @ Oregon","Oregon -13.5","57.5"
"2156",401310746,2021,11,"San Diego State","Nevada",23,21,"Nevada @ San Diego State","San Diego State -2.5","45"
"2157",401309589,2021,12,"Ohio","Toledo",23,35,"Toledo @ Ohio","Toledo -7.5","57.5"
"2158",401309588,2021,12,"Eastern Michigan","Western Michigan",22,21,"Western Michigan @ Eastern Michigan","Western Michigan -6","66"
"2159",401308841,2021,12,"Miami (OH)","Bowling Green",34,7,"Bowling Green @ Miami (OH)","Miami (OH) -17","52"
"2160",401309591,2021,12,"Ball State","Central Michigan",17,37,"Central Michigan @ Ball State","Central Michigan -2.5","57"
"2161",401309590,2021,12,"Buffalo","Northern Illinois",27,33,"Northern Illinois @ Buffalo","Northern Illinois -1.5","59"
"2163",401282691,2021,12,"Duke","Louisville",22,62,"Louisville @ Duke","Louisville -20","60.5"
"2164",401282264,2021,12,"Louisiana Tech","Southern Mississippi",19,35,"Southern Mississippi @ Louisiana Tech","Louisiana Tech -15.5","47.5"
"2165",401310747,2021,12,"Nevada","Air Force",39,41,"Air Force @ Nevada","Air Force -1.5","54.5"
"2166",401309899,2021,12,"Washington State","Arizona",44,18,"Arizona @ Washington State","Washington State -14.5","52.5"
"2167",401301045,2021,12,"Houston","Memphis",31,13,"Memphis @ Houston","Houston -9.5","59"
"2168",401310751,2021,12,"UNLV","San Diego State",20,28,"San Diego State @ UNLV","San Diego State -11","41"
"2170",401282263,2021,12,"Western Kentucky","Florida Atlantic",52,17,"Florida Atlantic @ Western Kentucky","Western Kentucky -10.5","64"
"2174",401287947,2021,12,"West Virginia","Texas",31,23,"Texas @ West Virginia","West Virginia -2.5","56.5"
"2175",401301048,2021,12,"Tulane","South Florida",45,14,"South Florida @ Tulane","Tulane -5.5","59.5"
"2177",401282818,2021,12,"Penn State","Rutgers",28,0,"Rutgers @ Penn State","Penn State -14","45"
"2178",401282808,2021,12,"Northwestern","Purdue",14,32,"Purdue @ Northwestern","Purdue -11","47.5"
"2179",401282786,2021,12,"Ohio State","Michigan State",56,7,"Michigan State @ Ohio State","Ohio State -19.5","70.5"
"2180",401282693,2021,12,"Clemson","Wake Forest",48,27,"Wake Forest @ Clemson","Clemson -3.5","57"
"2181",401282692,2021,12,"Boston College","Florida State",23,26,"Florida State @ Boston College","Boston College -3","55.5"
"2182",401282137,2021,12,"Kentucky","New Mexico State",56,16,"New Mexico State @ Kentucky","Kentucky -35.5","61"
"2183",401287944,2021,12,"Oklahoma","Iowa State",28,21,"Iowa State @ Oklahoma","Oklahoma -3","59"
"2184",401309592,2021,12,"Akron","Kent State",0,38,"Kent State @ Akron","Kent State -13.5","72.5"
"2185",401282696,2021,12,"North Carolina","Wofford",34,14,"Wofford @ North Carolina","North Carolina -37","62"
"2186",401282144,2021,12,"Texas A&M","Prairie View",52,3,"Prairie View @ Texas A&M","Texas A&M -41.5","50"
"2191",401286305,2021,12,"Army","UMass",33,17,"UMass @ Army","Army -37","56"
"2195",401282140,2021,12,"Mississippi State","Tennessee State",55,10,"Tennessee State @ Mississippi State","Mississippi State -44","56.5"
"2196",401282136,2021,12,"Georgia","Charleston Southern",56,7,"Charleston Southern @ Georgia","Georgia -52.5","59.5"
"2218",401309644,2021,12,"Coastal Carolina","Texas State",35,21,"Texas State @ Coastal Carolina","Coastal Carolina -24.5","60"
"2238",401309643,2021,12,"Georgia State","Arkansas State",28,20,"Arkansas State @ Georgia State","Georgia State -15.5","65.5"
"2241",401282721,2021,12,"Iowa","Illinois",33,23,"Illinois @ Iowa","Iowa -12","38.5"
"2244",401282697,2021,12,"Notre Dame","Georgia Tech",55,0,"Georgia Tech @ Notre Dame","Notre Dame -17.5","58"
"2251",401309903,2021,12,"Colorado","Washington",20,17,"Washington @ Colorado","Washington -6.5","43"
"2254",401301046,2021,12,"Cincinnati","SMU",48,14,"SMU @ Cincinnati","Cincinnati -10","65.5"
"2255",401282261,2021,12,"Charlotte","Marshall",28,49,"Marshall @ Charlotte","Marshall -14.5","62"
"2256",401309642,2021,12,"Troy","Appalachian State",7,45,"Appalachian State @ Troy","Appalachian State -9.5","51.5"
"2257",401301047,2021,12,"Navy","East Carolina",35,38,"East Carolina @ Navy","East Carolina -3.5","46.5"
"2258",401282135,2021,12,"Alabama","Arkansas",42,35,"Arkansas @ Alabama","Alabama -20.5","58.5"
"2259",401282265,2021,12,"Middle Tennessee","Old Dominion",17,24,"Old Dominion @ Middle Tennessee","Middle Tennessee -3","49"
"2262",401282267,2021,12,"UT San Antonio","UAB",34,31,"UAB @ UT San Antonio","UT San Antonio -4","53.5"
"2263",401282698,2021,12,"Pittsburgh","Virginia",48,38,"Virginia @ Pittsburgh","Pittsburgh -13.5","66.5"
"2264",401282732,2021,12,"Indiana","Minnesota",14,35,"Minnesota @ Indiana","Minnesota -7.5","43.5"
"2265",401282770,2021,12,"Maryland","Michigan",18,59,"Michigan @ Maryland","Michigan -15.5","57.5"
"2266",401282803,2021,12,"Wisconsin","Nebraska",35,28,"Nebraska @ Wisconsin","Wisconsin -10","43.5"
"2267",401301049,2021,12,"Tulsa","Temple",44,10,"Temple @ Tulsa","Tulsa -21.5","50.5"
"2268",401286293,2021,12,"UCF","Connecticut",49,17,"Connecticut @ UCF","UCF -30","55.5"
"2269",401282141,2021,12,"Missouri","Florida",24,23,"Florida @ Missouri","Florida -9","69"
"2270",401309645,2021,12,"Georgia Southern","BYU",17,34,"BYU @ Georgia Southern","BYU -20","57.5"
"2271",401309904,2021,12,"USC","UCLA",33,62,"UCLA @ USC","UCLA -3.5","65.5"
"2273",401282695,2021,12,"NC State","Syracuse",41,17,"Syracuse @ NC State","NC State -11.5","49.5"
"2274",401282266,2021,12,"UTEP","Rice",38,28,"Rice @ UTEP","UTEP -9","47"
"2275",401287945,2021,12,"TCU","Kansas",31,28,"Kansas @ TCU","TCU -21","64.5"
"2276",401286298,2021,12,"Liberty","Louisiana",14,42,"Louisiana @ Liberty","Liberty -4.5","53.5"
"2279",401287943,2021,12,"Kansas State","Baylor",10,20,"Baylor @ Kansas State","Kansas State -2.5","50"
"2280",401282262,2021,12,"Florida International","North Texas",7,49,"North Texas @ Florida International","North Texas -10","57.5"
"2282",401309900,2021,12,"Stanford","California",11,41,"California @ Stanford","California -2.5","46"
"2283",401282142,2021,12,"South Carolina","Auburn",21,17,"Auburn @ South Carolina","Auburn -7","45"
"2284",401282694,2021,12,"Miami","Virginia Tech",38,26,"Virginia Tech @ Miami","Miami -7","55.5"
"2285",401309901,2021,12,"Utah","Oregon",38,7,"Oregon @ Utah","Utah -3","58.5"
"2286",401282139,2021,12,"Ole Miss","Vanderbilt",31,17,"Vanderbilt @ Ole Miss","Ole Miss -36","65.5"
"2287",401282143,2021,12,"Tennessee","South Alabama",60,14,"South Alabama @ Tennessee","Tennessee -28.5","61.5"
"2288",401310750,2021,12,"Utah State","Wyoming",17,44,"Wyoming @ Utah State","Utah State -5.5","52"
"2289",401287946,2021,12,"Texas Tech","Oklahoma State",0,23,"Oklahoma State @ Texas Tech","Oklahoma State -10","55"
"2292",401282138,2021,12,"LSU","Louisiana Monroe",27,14,"Louisiana Monroe @ LSU","LSU -29","57.5"
"2293",401310748,2021,12,"Boise State","New Mexico",37,0,"New Mexico @ Boise State","Boise State -27.5","48"
"2294",401309902,2021,12,"Oregon State","Arizona State",24,10,"Arizona State @ Oregon State","Arizona State -3","59"
"2295",401310749,2021,12,"Hawai'i","Colorado State",50,45,"Colorado State @ Hawai'i","Colorado State -3","53.5"
"2296",401309593,2021,13,"Ball State","Buffalo",20,3,"Buffalo @ Ball State","Ball State -6","59.5"
"2297",401309594,2021,13,"Northern Illinois","Western Michigan",21,42,"Western Michigan @ Northern Illinois","Western Michigan -7","58.5"
"2299",401310757,2021,13,"San José State","Fresno State",9,40,"Fresno State @ San José State","Fresno State -7","52.5"
"2300",401282151,2021,13,"Mississippi State","Ole Miss",21,31,"Ole Miss @ Mississippi State","Mississippi State -2","65"
"2301",401287952,2021,13,"Texas","Kansas State",22,17,"Kansas State @ Texas","Texas -2.5","54.5"
"2302",401309595,2021,13,"Central Michigan","Eastern Michigan",31,10,"Eastern Michigan @ Central Michigan","Central Michigan -8.5","63.5"
"2303",401309596,2021,13,"Bowling Green","Ohio",21,10,"Ohio @ Bowling Green","Ohio -6.5","48.5"
"2304",401310753,2021,13,"San Diego State","Boise State",27,16,"Boise State @ San Diego State","Boise State -3","44.5"
"2305",401310755,2021,13,"New Mexico","Utah State",10,35,"Utah State @ New Mexico","Utah State -17","48"
"2306",401282761,2021,13,"Nebraska","Iowa",21,28,"Iowa @ Nebraska","Nebraska -1","41"
"2307",401282274,2021,13,"UAB","UTEP",42,25,"UTEP @ UAB","UAB -13.5","50.5"
"2308",401310752,2021,13,"Air Force","UNLV",48,14,"UNLV @ Air Force","Air Force -18.5","49.5"
"2309",401301051,2021,13,"East Carolina","Cincinnati",13,35,"Cincinnati @ East Carolina","Cincinnati -14.5","56.5"
"2310",401309648,2021,13,"South Alabama","Coastal Carolina",21,27,"Coastal Carolina @ South Alabama","Coastal Carolina -15","55"
"2311",401282145,2021,13,"Arkansas","Missouri",34,17,"Missouri @ Arkansas","Arkansas -14.5","63.5"
"2312",401301050,2021,13,"UCF","South Florida",17,13,"South Florida @ UCF","UCF -17","62"
"2313",401309906,2021,13,"Utah","Colorado",28,13,"Colorado @ Utah","Utah -24","52.5"
"2314",401287949,2021,13,"Iowa State","TCU",48,14,"TCU @ Iowa State","Iowa State -15.5","61.5"
"2315",401282699,2021,13,"NC State","North Carolina",34,30,"North Carolina @ NC State","NC State -6.5","61"
"2316",401309905,2021,13,"Washington","Washington State",13,40,"Washington State @ Washington","Washington State -1","45"
"2317",401301054,2021,13,"Temple","Navy",14,38,"Navy @ Temple","Navy -13.5","42.5"
"2318",401282148,2021,13,"Georgia Tech","Georgia",0,45,"Georgia @ Georgia Tech","Georgia -35.5","54.5"
"2319",401282147,2021,13,"Florida","Florida State",24,21,"Florida State @ Florida","Florida -4","58.5"
"2320",401309597,2021,13,"Toledo","Akron",49,14,"Akron @ Toledo","Toledo -28.5","57.5"
"2321",401287948,2021,13,"Baylor","Texas Tech",27,24,"Texas Tech @ Baylor","Baylor -14","51.5"
"2322",401282766,2021,13,"Rutgers","Maryland",16,40,"Maryland @ Rutgers","Rutgers -1.5","53"
"2323",401301052,2021,13,"Connecticut","Houston",17,45,"Houston @ Connecticut","Houston -32","54.5"
"2324",401282700,2021,13,"Boston College","Wake Forest",10,41,"Wake Forest @ Boston College","Wake Forest -6.5","64.5"
"2325",401286299,2021,13,"Liberty","Army",16,31,"Army @ Liberty","Liberty -3.5","52.5"
"2326",401282781,2021,13,"Michigan","Ohio State",42,27,"Ohio State @ Michigan","Ohio State -6.5","64.5"
"2327",401308842,2021,13,"Kent State","Miami (OH)",48,47,"Miami (OH) @ Kent State","Miami (OH) -1.5","67"
"2329",401282701,2021,13,"Duke","Miami",10,47,"Miami @ Duke","Miami -20.5","67"
"2335",401282271,2021,13,"Rice","Louisiana Tech",35,31,"Louisiana Tech @ Rice","Louisiana Tech -4","52.5"
"2336",401282273,2021,13,"North Texas","UT San Antonio",45,23,"UT San Antonio @ North Texas","UT San Antonio -8.5","59.5"
"2337",401309647,2021,13,"Arkansas State","Texas State",22,24,"Texas State @ Arkansas State","Arkansas State -2","62.5"
"2341",401282268,2021,13,"Old Dominion","Charlotte",56,34,"Charlotte @ Old Dominion","Old Dominion -8.5","55.5"
"2342",401309649,2021,13,"Georgia State","Troy",37,10,"Troy @ Georgia State","Georgia State -6.5","49.5"
"2343",401309646,2021,13,"Appalachian State","Georgia Southern",27,3,"Georgia Southern @ Appalachian State","Appalachian State -24.5","55"
"2344",401282269,2021,13,"Southern Mississippi","Florida International",37,17,"Florida International @ Southern Mississippi","Southern Mississippi -14.5","46"
"2349",401310756,2021,13,"Wyoming","Hawai'i",14,38,"Hawai'i @ Wyoming","Wyoming -13","48.5"
"2350",401286306,2021,13,"New Mexico State","UMass",44,27,"UMass @ New Mexico State","New Mexico State -7","59"
"2351",401282785,2021,13,"Michigan State","Penn State",30,27,"Penn State @ Michigan State","Penn State -4.5","51.5"
"2352",401282146,2021,13,"Auburn","Alabama",22,24,"Alabama @ Auburn","Alabama -20.5","57"
"2353",401282272,2021,13,"Marshall","Western Kentucky",21,53,"Western Kentucky @ Marshall","Marshall -1.5","75"
"2354",401309908,2021,13,"Oregon","Oregon State",38,29,"Oregon State @ Oregon","Oregon -7.5","61.5"
"2355",401282722,2021,13,"Illinois","Northwestern",47,14,"Northwestern @ Illinois","Illinois -7","44.5"
"2356",401282753,2021,13,"Purdue","Indiana",44,7,"Indiana @ Purdue","Purdue -17.5","50.5"
"2357",401282153,2021,13,"Tennessee","Vanderbilt",45,21,"Vanderbilt @ Tennessee","Tennessee -32","64.5"
"2358",401282703,2021,13,"Virginia","Virginia Tech",24,29,"Virginia Tech @ Virginia","Virginia -7","63.5"
"2359",401301055,2021,13,"SMU","Tulsa",31,34,"Tulsa @ SMU","SMU -6.5","62.5"
"2360",401282794,2021,13,"Minnesota","Wisconsin",23,13,"Wisconsin @ Minnesota","Wisconsin -7","39"
"2363",401309909,2021,13,"Arizona State","Arizona",38,15,"Arizona @ Arizona State","Arizona State -20","53"
"2364",401309650,2021,13,"Louisiana","Louisiana Monroe",21,16,"Louisiana Monroe @ Louisiana","Louisiana -21.5","55"
"2368",401282150,2021,13,"LSU","Texas A&M",27,24,"Texas A&M @ LSU","Texas A&M -6.5","46.5"
"2369",401282270,2021,13,"Florida Atlantic","Middle Tennessee",17,27,"Middle Tennessee @ Florida Atlantic","Florida Atlantic -3.5","49.5"
"2370",401287950,2021,13,"Kansas","West Virginia",28,34,"West Virginia @ Kansas","West Virginia -15.5","55.5"
"2371",401301053,2021,13,"Memphis","Tulane",33,28,"Tulane @ Memphis","Memphis -5.5","58"
"2372",401282702,2021,13,"Syracuse","Pittsburgh",14,31,"Pittsburgh @ Syracuse","Pittsburgh -12.5","58.5"
"2373",401287951,2021,13,"Oklahoma State","Oklahoma",37,33,"Oklahoma @ Oklahoma State","Oklahoma State -4","49.5"
"2374",401282152,2021,13,"South Carolina","Clemson",0,30,"Clemson @ South Carolina","Clemson -11.5","42.5"
"2375",401282149,2021,13,"Louisville","Kentucky",21,52,"Kentucky @ Louisville","Louisville -3","57.5"
"2376",401282711,2021,13,"Stanford","Notre Dame",14,45,"Notre Dame @ Stanford","Notre Dame -21","53"
"2377",401310754,2021,13,"Colorado State","Nevada",10,52,"Nevada @ Colorado State","Nevada -3","58"
"2378",401309910,2021,13,"USC","BYU",31,35,"BYU @ USC","BYU -8.5","65.5"
"2379",401309907,2021,13,"UCLA","California",42,14,"California @ UCLA","UCLA -6.5","58.5"
"2381",401282156,2021,14,"UT San Antonio","Western Kentucky",49,41,"Western Kentucky @ UT San Antonio","Western Kentucky -3.5","74.5"
"2382",401331159,2021,14,"Utah","Oregon",38,10,"Oregon @ Utah","Utah -3","57.5"
"2384",401287953,2021,14,"Oklahoma State","Baylor",16,21,"Baylor @ Oklahoma State","Oklahoma State -7","45"
"2385",401331160,2021,14,"Northern Illinois","Kent State",41,23,"Kent State @ Northern Illinois","Kent State -4","75.5"
"2393",401310676,2021,14,"San Diego State","Utah State",13,46,"Utah State @ San Diego State","San Diego State -6.5","49.5"
"2395",401331161,2021,14,"Louisiana","Appalachian State",24,16,"Appalachian State @ Louisiana","Appalachian State -2.5","52"
"2396",401282154,2021,14,"Alabama","Georgia",41,24,"Georgia @ Alabama","Georgia -6.5","49"
"2397",401331162,2021,14,"Cincinnati","Houston",35,20,"Houston @ Cincinnati","Cincinnati -10.5","52.5"
"2400",401331447,2021,14,"Iowa","Michigan",3,42,"Michigan @ Iowa","Michigan -12","44"
"2401",401331163,2021,14,"Wake Forest","Pittsburgh",21,45,"Pittsburgh @ Wake Forest","Pittsburgh -3.5","72.5"
"2403",401387250,2021,14,"California","USC",24,14,"USC @ California","California -4.5","57.5"
"2408",401301056,2021,15,"Army","Navy",13,17,"Navy @ Army","Navy -7","35.5"
