TEAM,TAN Rating,SP+ Rating,Opponent,TAN Rating,SP+ Rating,Home/Away,Conference,TAN Spread,SP+ Spread,TAN WIN%,SP+ WIN%
Air Force,76.5,3,Northern Iowa,64,-6.5,H,,-15.1,-12,0.88,0.82
Air Force,76.5,3,Colorado,68.5,-7.8,H,,-10.6,-13.3,0.79,0.84
Air Force,76.5,3,Navy,65,-12.7,H,,-14.1,-18.2,0.85,0.95
Air Force,76.5,3,Army,66.2,-0.8,N,,-12.9,-6.3,0.83,0.68
Air Force,76.5,3,Boise State,71.9,8.5,H,c,-7.2,3,0.7,0.43
Air Force,76.5,3,Colorado State,56.6,-3.8,H,c,-22.5,-9.3,1,0.76
Air Force,76.5,3,Nevada,61,-15.5,H,c,-18.1,-21,0.95,1
Air Force,76.5,3,New Mexico,40,-19.3,H,c,-39.1,-24.8,1,1
Air Force,76.5,3,San Diego State,62.3,1.8,A,c,-12,1.3,0.82,0.48
Air Force,76.5,3,UNLV,58.8,-10,A,c,-15.7,-10.5,0.88,0.79
Air Force,76.5,3,Utah State,62,-4.6,A,c,-11.3,-5.1,0.81,0.64
Air Force,76.5,3,Wyoming,61.9,-3.4,A,c,-12,-3.9,0.82,0.62
Akron,53.4,-21.2,Saint Francis PA,35.5,-35,H,,-18.3,-16.3,0.96,0.89
Akron,53.4,-21.2,Michigan State,81.8,15.3,A,,29.4,39,0,0
Akron,53.4,-21.2,Tennessee,80.8,18.7,A,,28.8,42.4,0,0
Akron,53.4,-21.2,Liberty,71.8,1.5,A,,21.7,25.2,0,0
Akron,53.4,-21.2,Bowling Green,55.5,-7.4,H,c,1.6,11.3,0.48,0.19
Akron,53.4,-21.2,Ohio,54.2,-10.1,A,c,3,13.6,0.43,0.16
Akron,53.4,-21.2,Central Michigan,66.9,-4,H,c,13,14.7,0.17,0.14
Akron,53.4,-21.2,Kent State,53.2,-10,A,c,2.2,13.7,0.47,0.16
Akron,53.4,-21.2,Miami (OH),67.4,-1.7,H,c,13.5,17,0.16,0.08
Akron,53.4,-21.2,Eastern Michigan,66.3,-12,H,c,12.4,6.7,0.18,0.32
Akron,53.4,-21.2,Buffalo,56.1,-9.3,A,c,7.1,14.4,0.3,0.14
Akron,53.4,-21.2,Northern Illinois,69.4,-4.1,A,c,17.9,19.6,0.05,0.02
Alabama,107.2,27.4,Utah State,62,-4.6,H,,-48,-34.5,1,1
Alabama,107.2,27.4,Texas,84.8,12.3,A,,-20.4,-12.6,0.99,0.83
Alabama,107.2,27.4,Louisiana Monroe,51.3,-21.2,H,,-58.7,-51.1,1,1
Alabama,107.2,27.4,Vanderbilt,55.2,-12.1,H,c,-54.8,-42,1,1
Alabama,107.2,27.4,Arkansas,82.6,12.8,A,c,-21.6,-12.1,1,0.82
Alabama,107.2,27.4,Texas A&M,88.8,20.1,H,c,-21.2,-9.8,1,0.77
Alabama,107.2,27.4,Tennessee,80.8,18.7,A,c,-24.9,-6.2,1,0.67
Alabama,107.2,27.4,Mississippi State,78.6,16.8,H,c,-31.4,-13.1,1,0.83
Alabama,107.2,27.4,LSU,74.2,8,A,c,-30.4,-16.9,1,0.91
Alabama,107.2,27.4,Ole Miss,74.8,14.4,A,c,-30.1,-10.5,1,0.79
Alabama,107.2,27.4,Austin Peay,50,-20.5,H,,-60,-50.4,1,1
Alabama,107.2,27.4,Auburn,77.4,13.2,H,c,-32.6,-16.7,1,0.89
Appalachian State,75.2,4.2,North Carolina,82.2,10.1,H,,5.1,3.4,0.36,0.39
Appalachian State,75.2,4.2,Texas A&M,88.8,20.1,A,,15.9,18.4,0.11,0.04
Appalachian State,75.2,4.2,Marshall,70.3,4.8,A,,-2.9,3.1,0.57,0.43
Appalachian State,75.2,4.2,The Citadel,38,-32.5,H,,-39,-39.2,1,1
Appalachian State,75.2,4.2,Georgia State,67.9,0.1,H,c,-9.1,-6.6,0.75,0.68
Appalachian State,75.2,4.2,Troy,75.7,-4.9,H,c,-1.3,-11.6,0.52,0.81
Appalachian State,75.2,4.2,Texas State,64.2,-14.3,H,c,-12.8,-21,0.83,1
Appalachian State,75.2,4.2,Arkansas State,54.8,-15.7,H,c,-22.2,-22.4,1,1
Appalachian State,75.2,4.2,Coastal Carolina,70.5,0.6,A,c,-3,-1.1,0.57,0.51
Appalachian State,75.2,4.2,Georgia Southern,59.1,-8.8,A,c,-12.3,-10.5,0.83,0.79
Appalachian State,75.2,4.2,Louisiana Monroe,51.3,-21.2,A,c,-23.3,-22.9,1,1
Appalachian State,75.2,4.2,South Alabama,63,-9.6,A,c,-10.2,-11.3,0.77,0.81
Arizona,70.9,-6.6,San Diego State,62.3,1.8,A,,-6.4,10.9,0.68,0.2
Arizona,70.9,-6.6,Mississippi State,78.6,16.8,H,,5.7,20.9,0.35,0.01
Arizona,70.9,-6.6,North Dakota State,76,5.5,H,,3.1,9.6,0.43,0.23
Arizona,70.9,-6.6,California,68.9,0.2,A,c,-0.3,9.3,0.5,0.23
Arizona,70.9,-6.6,Colorado,68.5,-7.8,H,c,-4.3,-3.7,0.63,0.61
Arizona,70.9,-6.6,Oregon,83.8,12.3,H,c,10.9,16.4,0.2,0.1
Arizona,70.9,-6.6,Washington,83.3,4.1,A,c,14.9,13.2,0.13,0.17
Arizona,70.9,-6.6,USC,75.3,3.1,H,c,2.4,7.2,0.46,0.3
Arizona,70.9,-6.6,Utah,91.4,16.2,A,c,23.5,25.3,0,0
Arizona,70.9,-6.6,UCLA,78.4,8.4,A,c,9.2,17.5,0.24,0.06
Arizona,70.9,-6.6,Washington State,69.2,1.2,H,c,-3.6,5.3,0.61,0.35
Arizona,70.9,-6.6,Arizona State,81.3,12.4,H,c,8.4,16.5,0.25,0.1
Arizona State,81.3,12.4,Northern Arizona,46,-24.5,H,,-37.9,-39.4,1,1
Arizona State,81.3,12.4,Oklahoma State,82.4,11.4,A,,4.2,1.5,0.38,0.48
Arizona State,81.3,12.4,Eastern Michigan,66.3,-12,H,,-17.6,-26.9,0.94,1
Arizona State,81.3,12.4,Utah,91.4,16.2,H,c,7.4,1.3,0.26,0.48
Arizona State,81.3,12.4,USC,75.3,3.1,A,c,-3.2,-6.8,0.57,0.7
Arizona State,81.3,12.4,Washington,83.3,4.1,H,c,-0.6,-10.8,0.5,0.8
Arizona State,81.3,12.4,Stanford,70,1.7,A,c,-8.5,-8.2,0.74,0.74
Arizona State,81.3,12.4,Colorado,68.5,-7.8,A,c,-10.4,-17.7,0.79,0.94
Arizona State,81.3,12.4,UCLA,78.4,8.4,H,c,-5.5,-6.5,0.65,0.68
Arizona State,81.3,12.4,Washington State,69.2,1.2,A,c,-8.9,-8.7,0.75,0.74
Arizona State,81.3,12.4,Oregon State,75.5,8,H,c,-8.4,-6.9,0.74,0.7
Arizona State,81.3,12.4,Arizona,70.9,-6.6,A,c,-8.4,-16.5,0.74,0.89
Arkansas,82.6,12.8,Cincinnati,87.1,17.2,H,,1.5,1.9,0.48,0.47
Arkansas,82.6,12.8,South Carolina,63.7,7.2,H,c,-21.8,-8.1,1,0.74
Arkansas,82.6,12.8,Missouri State,63,-7.5,H,,-22.5,-22.8,1,1
Arkansas,82.6,12.8,Texas A&M,88.8,20.1,N,,6.2,4.8,0.34,0.36
Arkansas,82.6,12.8,Alabama,107.2,27.4,H,c,21.6,12.1,0,0.18
Arkansas,82.6,12.8,Mississippi State,78.6,16.8,A,c,-0.6,6.5,0.5,0.32
Arkansas,82.6,12.8,BYU,90.4,14.1,A,c,9.9,3.8,0.22,0.38
Arkansas,82.6,12.8,Auburn,77.4,13.2,A,c,-2.3,2.9,0.54,0.43
Arkansas,82.6,12.8,Liberty,71.8,1.5,H,,-13.7,-13.8,0.84,0.85
Arkansas,82.6,12.8,LSU,74.2,8,H,c,-11.3,-7.3,0.81,0.72
Arkansas,82.6,12.8,Ole Miss,74.8,14.4,H,c,-10.7,-0.9,0.79,0.51
Arkansas,82.6,12.8,Missouri,61,5.3,A,c,-18.4,-5,0.96,0.64
Arkansas State,54.8,-15.7,Grambling State,31,-39.5,H,,-27,-26.3,1,1
Arkansas State,54.8,-15.7,Ohio State,109.2,30.8,A,,56.8,49,0,0
Arkansas State,54.8,-15.7,Memphis,69.3,4,A,,17.6,22.2,0.06,0
Arkansas State,54.8,-15.7,UMass,47.1,-20.7,H,,-10.9,-7.5,0.8,0.72
Arkansas State,54.8,-15.7,Appalachian State,75.2,4.2,A,c,22.2,22.4,0,0
Arkansas State,54.8,-15.7,Troy,75.7,-4.9,A,c,22.1,13.3,0,0.16
Arkansas State,54.8,-15.7,South Alabama,63,-9.6,H,c,4.9,3.6,0.36,0.39
Arkansas State,54.8,-15.7,Louisiana Monroe,51.3,-21.2,H,c,-6.7,-8,0.68,0.74
Arkansas State,54.8,-15.7,Georgia State,67.9,0.1,H,c,9.8,13.3,0.22,0.16
Arkansas State,54.8,-15.7,Georgia Southern,59.1,-8.8,H,c,1,4.4,0.49,0.37
Arkansas State,54.8,-15.7,Louisiana,64.9,0.7,A,c,12.5,18.9,0.18,0.03
Arkansas State,54.8,-15.7,Texas State,64.2,-14.3,A,c,11.3,3.9,0.19,0.38
Army,66.2,-0.8,Coastal Carolina,70.5,0.6,A,,5.9,3.9,0.34,0.38
Army,66.2,-0.8,UT San Antonio,56.7,5,H,,-12.1,3.3,0.82,0.39
Army,66.2,-0.8,Villanova,59.5,-11,H,,-9.3,-12.7,0.76,0.83
Army,66.2,-0.8,Georgia State,67.9,0.1,H,,-0.9,-1.6,0.51,0.52
Army,66.2,-0.8,Wake Forest,79,7.4,A,,15.7,10.7,0.12,0.21
Army,66.2,-0.8,Colgate,33.5,-37,H,,-35.3,-38.7,1,1
Army,66.2,-0.8,Louisiana Monroe,51.3,-21.2,H,,-17.5,-22.9,0.94,1
Army,66.2,-0.8,Air Force,76.5,3,N,,10.3,1.3,0.21,0.48
Army,66.2,-0.8,Troy,75.7,-4.9,A,,10.7,-1.6,0.21,0.52
Army,66.2,-0.8,Connecticut,51.2,-20.6,H,,-17.6,-22.3,0.94,1
Army,66.2,-0.8,UMass,47.1,-20.7,A,,-17.1,-17.4,0.91,0.94
Army,66.2,-0.8,Navy,65,-12.7,N,,-1.1,-14.4,0.51,0.87
Auburn,77.4,13.2,Mercer,51,-19.5,H,,-29.2,-35.2,1,1
Auburn,77.4,13.2,San Jose State,71.5,-6.3,H,,-8.7,-22,0.74,1
Auburn,77.4,13.2,Penn State,85.7,15.9,H,,5.4,0.2,0.35,0.5
Auburn,77.4,13.2,Missouri,61,5.3,H,c,-19.2,-10.4,0.97,0.79
Auburn,77.4,13.2,LSU,74.2,8,H,c,-6,-7.7,0.67,0.73
Auburn,77.4,13.2,Georgia,92,28.7,A,c,16.8,18,0.08,0.05
Auburn,77.4,13.2,Ole Miss,74.8,14.4,A,c,-0.3,3.7,0.5,0.39
Auburn,77.4,13.2,Arkansas,82.6,12.8,H,c,2.3,-2.9,0.46,0.57
Auburn,77.4,13.2,Mississippi State,78.6,16.8,A,c,4.5,6.1,0.37,0.34
Auburn,77.4,13.2,Texas A&M,88.8,20.1,H,c,8.5,4.4,0.25,0.37
Auburn,77.4,13.2,Western Kentucky,65.9,-6.4,H,,-14.3,-22.1,0.87,1
Auburn,77.4,13.2,Alabama,107.2,27.4,A,c,32.6,16.7,0,0.09
Ball State,52.4,-18.9,Tennessee,80.8,18.7,A,,29.8,40.1,0,0
Ball State,52.4,-18.9,Western Michigan,58.3,2.3,H,c,4.3,18.7,0.37,0.04
Ball State,52.4,-18.9,Murray State,42,-28.5,H,,-11.9,-12.1,0.82,0.82
Ball State,52.4,-18.9,Georgia Southern,59.1,-8.8,A,,10.4,12.6,0.21,0.18
Ball State,52.4,-18.9,Northern illinois,69.4,-4.1,H,c,15.4,12.3,0.12,0.18
Ball State,52.4,-18.9,Central Michigan,66.9,-4,A,c,16.4,17.4,0.1,0.06
Ball State,52.4,-18.9,Connecticut,51.2,-20.6,H,,-2.7,-4.2,0.54,0.62
Ball State,52.4,-18.9,Eastern Michigan,66.3,-12,H,c,12.3,4.4,0.18,0.37
Ball State,52.4,-18.9,Kent State,53.2,-10,A,c,3.2,11.4,0.43,0.19
Ball State,52.4,-18.9,Toledo,79.8,6,A,c,30.3,27.4,0,0
Ball State,52.4,-18.9,Ohio,54.2,-10.1,H,c,0.2,6.3,0.5,0.32
Ball State,52.4,-18.9,Miami (OH),67.4,-1.7,A,c,17.6,19.7,0.06,0.02
Baylor,76.2,12.6,Louisiana Tech,65,-12.1,H,,-14.1,-27.2,0.85,1
Baylor,76.2,12.6,BYU,90.4,14.1,A,,16.3,4,0.1,0.38
Baylor,76.2,12.6,Texas State,64.2,-14.3,H,,-14.9,-29.4,0.88,1
Baylor,76.2,12.6,Iowa State,76.7,5.8,A,c,3.3,-4.3,0.39,0.63
Baylor,76.2,12.6,Oklahoma State,82.4,11.4,H,c,3.2,-3.7,0.43,0.61
Baylor,76.2,12.6,West Virginia,69.3,5.6,A,c,-4.1,-4.5,0.62,0.63
Baylor,76.2,12.6,Kansas,64,-12.2,H,c,-15.1,-27.3,0.88,1
Baylor,76.2,12.6,Texas Tech,72.4,6.4,H,c,-6.7,-8.7,0.68,0.74
Baylor,76.2,12.6,Oklahoma,81.6,19.2,A,c,8.3,9.1,0.25,0.24
Baylor,76.2,12.6,Kansas State,76.6,9.9,H,c,-2.5,-5.2,0.54,0.64
Baylor,76.2,12.6,TCU,84.2,7.3,H,c,5,-7.8,0.36,0.74
Baylor,76.2,12.6,Texas,84.8,12.3,A,c,10.5,2.2,0.21,0.47
Boise State,71.9,8.5,Oregon State,75.5,8,A,,5,2,0.36,0.47
Boise State,71.9,8.5,UT Martin,51,-19.5,H,,-22.9,-30.5,1,1
Boise State,71.9,8.5,UTEP,58,-7.9,A,,-12.6,-13.9,0.83,0.85
Boise State,71.9,8.5,BYU,90.4,14.1,H,,16.4,3.1,0.1,0.43
Boise State,71.9,8.5,Air Force,76.5,3,A,c,7.2,-3,0.3,0.57
Boise State,71.9,8.5,Colorado State,56.6,-3.8,H,c,-17.3,-14.8,0.94,0.88
Boise State,71.9,8.5,Fresno State,72.4,10.5,H,c,-1.5,-0.5,0.52,0.5
Boise State,71.9,8.5,San Diego State,62.3,1.8,H,c,-11.6,-9.2,0.81,0.75
Boise State,71.9,8.5,Utah State,62,-4.6,H,c,-11.9,-15.6,0.82,0.88
Boise State,71.9,8.5,Nevada,61,-15.5,A,c,-7.9,-21.5,0.74,1
Boise State,71.9,8.5,New Mexico,40,-19.3,A,c,-30.5,-25.3,1,1
Boise State,71.9,8.5,Wyoming,61.9,-3.4,A,c,-7.4,-9.4,0.72,0.76
Boston College,73.9,0,Rutgers,71.8,-0.3,H,,-4.9,-2.8,0.64,0.57
Boston College,73.9,0,Virginia Tech,84.2,4.3,A,c,12.1,6.8,0.18,0.3
Boston College,73.9,0,Maine,45.5,-25,H,,-31.2,-27.5,1,1
Boston College,73.9,0,Florida State,87,13.4,A,c,15.3,15.9,0.12,0.11
Boston College,73.9,0,Louisville,83.9,12.7,H,c,7.1,10.2,0.3,0.22
Boston College,73.9,0,Clemson,96.7,21,H,c,19.9,18.5,0.01,0.04
Boston College,73.9,0,Wake Forest,79,7.4,A,c,8,9.9,0.26,0.22
Boston College,73.9,0,Connecticut,51.2,-20.6,A,,-21.6,-18.1,1,0.95
Boston College,73.9,0,Duke,54.6,-13.7,H,c,-22.1,-16.2,1,0.89
Boston College,73.9,0,NC State,92.1,16,A,c,20.8,18.5,0.01,0.04
Boston College,73.9,0,Notre Dame,82.2,19,A,,10.9,21.5,0.2,0
Boston College,73.9,0,Syracuse,76.8,4.5,H,c,0,2,0.5,0.47
Bowling Green,55.5,-7.4,UCLA,78.4,8.4,A,,24.6,18.3,0,0.04
Bowling Green,55.5,-7.4,Eastern Kentucky,52,-18.5,H,,-5.1,-13.6,0.64,0.84
Bowling Green,55.5,-7.4,Marshall,70.3,4.8,H,,13.1,9.7,0.17,0.23
Bowling Green,55.5,-7.4,Mississippi State,78.6,16.8,A,,26.4,26.7,0,0
Bowling Green,55.5,-7.4,Akron,53.4,-21.2,A,c,-1.6,-11.3,0.52,0.81
Bowling Green,55.5,-7.4,Buffalo,56.1,-9.3,H,c,-1,-4.4,0.51,0.63
Bowling Green,55.5,-7.4,Miami (OH),67.4,-1.7,H,c,10.2,3.2,0.22,0.43
Bowling Green,55.5,-7.4,Central Michigan,66.9,-4,A,c,13.3,5.9,0.16,0.34
Bowling Green,55.5,-7.4,Western Michigan,58.3,2.3,H,c,1.1,7.2,0.49,0.3
Bowling Green,55.5,-7.4,Kent State,53.2,-10,H,c,-3.9,-5.1,0.62,0.64
Bowling Green,55.5,-7.4,Toledo,79.8,6,A,c,27.2,15.9,0,0.11
Bowling Green,55.5,-7.4,Ohio,54.2,-10.1,A,c,0.9,-0.1,0.49,0.5
Buffalo,56.1,-9.3,Maryland,75.3,10,A,,21.2,21.8,0,0
Buffalo,56.1,-9.3,Holy Cross,51.5,-19,H,,-9,-12.2,0.75,0.82
Buffalo,56.1,-9.3,Coastal Carolina,70.5,0.6,A,,16,12.4,0.11,0.18
Buffalo,56.1,-9.3,Eastern Michigan,66.3,-12,A,c,11.4,-0.1,0.19,0.5
Buffalo,56.1,-9.3,Miami (OH),67.4,-1.7,H,c,6.8,5.1,0.3,0.36
Buffalo,56.1,-9.3,Bowling Green,55.5,-7.4,A,c,1,4.4,0.49,0.37
Buffalo,56.1,-9.3,UMass,47.1,-20.7,A,,-7,-8.9,0.7,0.75
Buffalo,56.1,-9.3,Toledo,79.8,6,H,c,19.2,12.8,0.03,0.17
Buffalo,56.1,-9.3,Ohio,54.2,-10.1,A,c,0.3,1.7,0.5,0.48
Buffalo,56.1,-9.3,Central Michigan,66.9,-4,A,c,12.7,7.8,0.18,0.26
Buffalo,56.1,-9.3,Akron,53.4,-21.2,H,c,-7.1,-14.4,0.7,0.87
Buffalo,56.1,-9.3,Kent State,53.2,-10,H,c,-7.3,-3.2,0.72,0.57
BYU,90.4,14.1,South Florida,61.9,-5.4,A,,-26.9,-17,1,0.91
BYU,90.4,14.1,Baylor,76.2,12.6,H,,-16.3,-4,0.89,0.62
BYU,90.4,14.1,Oregon,83.8,12.3,A,,-4.9,0.7,0.64,0.5
BYU,90.4,14.1,Wyoming,61.9,-3.4,H,,-30.6,-20,1,0.99
BYU,90.4,14.1,Utah State,62,-4.6,H,,-30.5,-21.2,1,1
BYU,90.4,14.1,Notre Dame,82.2,19,N,,-8.1,2.4,0.74,0.46
BYU,90.4,14.1,Arkansas,82.6,12.8,H,,-9.9,-3.8,0.77,0.62
BYU,90.4,14.1,Liberty,71.8,1.5,A,,-15.2,-10.1,0.88,0.77
BYU,90.4,14.1,East Carolina,74.2,-1.8,H,,-18.3,-18.4,0.96,0.96
BYU,90.4,14.1,Boise State,71.9,8.5,A,,-16.4,-3.1,0.89,0.57
BYU,90.4,14.1,Dixie State,32,-38.5,H,,-60.5,-55.1,1,1
BYU,90.4,14.1,Stanford,70,1.7,A,,-17.6,-9.9,0.94,0.77
California,68.9,0.2,UC Davis,54,-16.5,H,,-16.5,-19.2,0.89,0.97
California,68.9,0.2,UNLV,58.8,-10,H,,-11.7,-12.7,0.81,0.83
California,68.9,0.2,Notre Dame,82.2,19,A,,15.9,21.3,0.11,0
California,68.9,0.2,Arizona,70.9,-6.6,H,c,0.3,-9.3,0.5,0.76
California,68.9,0.2,Washington State,69.2,1.2,A,c,3.4,3.5,0.39,0.39
California,68.9,0.2,Colorado,68.5,-7.8,A,c,1.9,-5.5,0.47,0.65
California,68.9,0.2,Washington,83.3,4.1,H,c,12.7,1.4,0.18,0.48
California,68.9,0.2,Oregon,83.8,12.3,H,c,13.2,9.6,0.17,0.23
California,68.9,0.2,USC,75.3,3.1,A,c,9.1,5.4,0.24,0.35
California,68.9,0.2,Oregon State,75.5,8,A,c,8,10.3,0.26,0.21
California,68.9,0.2,Stanford,70,1.7,H,c,-0.5,-1,0.5,0.51
California,68.9,0.2,UCLA,78.4,8.4,H,c,7.8,5.7,0.26,0.35
Central Michigan,66.9,-4,Oklahoma State,82.4,11.4,A,,18.6,17.9,0.04,0.05
Central Michigan,66.9,-4,South Alabama,63,-9.6,H,,-5.8,-8.1,0.67,0.74
Central Michigan,66.9,-4,Bucknell,20,-50.5,H,,-48.8,-49,1,1
Central Michigan,66.9,-4,Penn State,85.7,15.9,A,,21.4,22.4,0,0
Central Michigan,66.9,-4,Toledo,79.8,6,A,c,15.8,12.5,0.11,0.18
Central Michigan,66.9,-4,Ball State,52.4,-18.9,H,c,-16.4,-17.4,0.89,0.94
Central Michigan,66.9,-4,Akron,53.4,-21.2,A,c,-13,-14.7,0.83,0.87
Central Michigan,66.9,-4,Bowling Green,55.5,-7.4,H,c,-13.3,-5.9,0.84,0.67
Central Michigan,66.9,-4,Northern Illinois,69.4,-4.1,A,c,4.4,2.4,0.37,0.46
Central Michigan,66.9,-4,Buffalo,56.1,-9.3,H,c,-12.7,-7.8,0.83,0.74
Central Michigan,66.9,-4,Western Michigan,58.3,2.3,H,c,-10.5,3.8,0.79,0.38
Central Michigan,66.9,-4,Eastern Michigan,66.3,-12,A,c,0.6,-5.5,0.5,0.65
Charlotte,56.2,-11,William & Mary,47.5,-23,H,,-11,-14.5,0.8,0.87
Charlotte,56.2,-11,Maryland,75.3,10,H,,16.7,18.5,0.09,0.04
Charlotte,56.2,-11,Georgia State,67.9,0.1,A,,13.8,13.6,0.15,0.16
Charlotte,56.2,-11,South Carolina,63.7,7.2,A,c,9.8,20.7,0.22,0.01
Charlotte,56.2,-11,Rice,51.7,-19.2,A,,-1.7,-5.7,0.52,0.65
Charlotte,56.2,-11,Florida International,41.7,-19,H,c,-16.8,-10.5,0.91,0.79
Charlotte,56.2,-11,Louisiana Tech,65,-12.1,H,c,6.4,-3.6,0.32,0.61
Charlotte,56.2,-11,Middle Tennessee,65.3,-8.4,A,c,11.8,5.1,0.18,0.36
Charlotte,56.2,-11,Florida Atlantic,57.5,-7,A,c,2.9,6.5,0.43,0.32
Charlotte,56.2,-11,Western Kentucky,65.9,-6.4,H,c,7.3,2.1,0.26,0.47
Cincinnati,87.1,17.2,Arkansas,82.6,12.8,A,,-1.5,-1.9,0.52,0.53
Cincinnati,87.1,17.2,Kennesaw State,57.5,-13,H,,-32.4,-32.7,1,1
Cincinnati,87.1,17.2,Miami (OH),67.4,-1.7,N,,-19.7,-21.4,0.98,1
Cincinnati,87.1,17.2,Indiana,63.5,-0.5,H,,-26.4,-20.2,1,0.99
Cincinnati,87.1,17.2,Tulsa,63.3,-1.9,A,c,-22.2,-16.6,1,0.89
Cincinnati,87.1,17.2,South Florida,61.9,-5.4,H,c,-28,-25.1,1,1
Cincinnati,87.1,17.2,SMU,77.6,10.5,A,c,-6.4,-4.2,0.68,0.62
Cincinnati,87.1,17.2,UCF,77.6,11,A,c,-6.4,-3.7,0.68,0.61
Cincinnati,87.1,17.2,Navy,65,-12.7,H,c,-24.9,-32.4,1,1
Cincinnati,87.1,17.2,East Carolina,74.2,-1.8,H,c,-15.7,-21.5,0.88,1
Cincinnati,87.1,17.2,Temple,49.3,-14.9,A,c,-34.5,-29.6,1,1
Cincinnati,87.1,17.2,Tulane,76.4,0.9,H,c,-13.5,-18.8,0.84,0.97
Clemson,96.7,21,Georgia Tech,71.1,-4.7,N,c,-25.6,-28.2,1,1
Clemson,96.7,21,Furman,49.5,-21,H,,-49.7,-44.5,1,1
Clemson,96.7,21,Louisiana Tech,65,-12.1,H,,-34.2,-35.6,1,1
Clemson,96.7,21,Wake Forest,79,7.4,A,c,-14.7,-11.1,0.87,0.8
Clemson,96.7,21,NC State,92.1,16,H,c,-7.1,-7.5,0.7,0.72
Clemson,96.7,21,Boston College,73.9,0,A,c,-19.9,-18.5,0.99,0.96
Clemson,96.7,21,Florida State,87,13.4,A,c,-7.4,-5.1,0.72,0.64
Clemson,96.7,21,Syracuse,76.8,4.5,H,c,-22.4,-19,1,0.97
Clemson,96.7,21,Notre Dame,82.2,19,A,,-11.8,0.5,0.82,0.5
Clemson,96.7,21,Louisville,83.9,12.7,H,c,-15.3,-10.8,0.88,0.8
Clemson,96.7,21,Miami,91.9,14.6,H,c,-7.3,-8.9,0.72,0.75
Clemson,96.7,21,South Carolina,63.7,7.2,H,,-35.5,-16.3,1,0.89
Coastal Carolina,70.5,0.6,Army,66.2,-0.8,H,,-5.9,-3.9,0.67,0.62
Coastal Carolina,70.5,0.6,Gardner-Webb,38,-32.5,H,,-34.1,-35.6,1,1
Coastal Carolina,70.5,0.6,Buffalo,56.1,-9.3,H,,-16,-12.4,0.89,0.83
Coastal Carolina,70.5,0.6,Virginia,76.5,3.3,A,,9,5.2,0.24,0.36
Coastal Carolina,70.5,0.6,Appalachian State,75.2,4.2,H,c,3,1.1,0.43,0.49
Coastal Carolina,70.5,0.6,Georgia Southern,59.1,-8.8,H,c,-13,-11.9,0.83,0.82
Coastal Carolina,70.5,0.6,South Alabama,63,-9.6,H,c,-9.1,-12.7,0.75,0.83
Coastal Carolina,70.5,0.6,Louisiana,64.9,0.7,H,c,-7.2,-2.4,0.7,0.54
Coastal Carolina,70.5,0.6,Georgia State,67.9,0.1,A,c,-0.4,2,0.5,0.47
Coastal Carolina,70.5,0.6,Troy,75.7,-4.9,A,c,6.4,-3,0.32,0.57
Coastal Carolina,70.5,0.6,Louisiana Monroe,51.3,-21.2,A,c,-18.6,-19.3,0.96,0.98
Coastal Carolina,70.5,0.6,Texas State,64.2,-14.3,A,c,-4.3,-12.4,0.63,0.83
Colorado,68.5,-7.8,TCU,84.2,7.3,H,,13.3,12.6,0.16,0.18
Colorado,68.5,-7.8,Air Force,76.5,3,A,,10.6,13.3,0.21,0.16
Colorado,68.5,-7.8,Minnesota,80.6,14.6,A,,15.1,24.9,0.13,0
Colorado,68.5,-7.8,UCLA,78.4,8.4,H,c,7.5,13.7,0.26,0.16
Colorado,68.5,-7.8,Arizona,70.9,-6.6,A,c,4.3,3.7,0.37,0.39
Colorado,68.5,-7.8,California,68.9,0.2,H,c,-1.9,5.5,0.53,0.35
Colorado,68.5,-7.8,Oregon State,75.5,8,A,c,8.4,18.3,0.25,0.04
Colorado,68.5,-7.8,Arizona State,81.3,12.4,H,c,10.4,17.7,0.21,0.06
Colorado,68.5,-7.8,Oregon,83.8,12.3,H,c,12.9,17.6,0.17,0.06
Colorado,68.5,-7.8,USC,75.3,3.1,A,c,9.5,13.4,0.23,0.16
Colorado,68.5,-7.8,Washington,83.3,4.1,A,c,17.3,14.4,0.06,0.14
Colorado,68.5,-7.8,Utah,91.4,16.2,H,c,20.5,21.5,0.01,0
Colorado State,56.6,-3.8,Michigan,86.2,21.5,A,,32.5,27.8,0,0
Colorado State,56.6,-3.8,Middle Tennessee,65.3,-8.4,H,,5.4,-7.1,0.35,0.7
Colorado State,56.6,-3.8,Washington State,69.2,1.2,A,,15.7,7.5,0.12,0.26
Colorado State,56.6,-3.8,Sacramento State,60.5,-10,H,,0.6,-8.7,0.5,0.74
Colorado State,56.6,-3.8,Air Force,76.5,3,A,c,22.5,9.3,0,0.23
Colorado State,56.6,-3.8,Boise State,71.9,8.5,A,c,17.3,14.8,0.06,0.13
Colorado State,56.6,-3.8,Hawai'i,53.9,-16.5,H,c,-5.9,-15.2,0.67,0.88
Colorado State,56.6,-3.8,New Mexico,40,-19.3,H,c,-19.8,-18,0.99,0.95
Colorado State,56.6,-3.8,Utah State,62,-4.6,H,c,2.1,-3.3,0.47,0.61
Colorado State,56.6,-3.8,Wyoming,61.9,-3.4,H,c,2,-2.1,0.47,0.53
Colorado State,56.6,-3.8,Nevada,61,-15.5,A,c,7.3,-9.2,0.26,0.75
Colorado State,56.6,-3.8,San Jose State,71.5,-6.3,A,c,17.8,0,0.05,0.5
Connecticut,51.2,-20.6,Utah State,62,-4.6,A,,13.9,18.5,0.15,0.04
Connecticut,51.2,-20.6,CCSU,33.5,-37,H,,-18.7,-18.9,0.96,0.97
Connecticut,51.2,-20.6,Syracuse,76.8,4.5,H,,24.5,22.6,0,0
Connecticut,51.2,-20.6,Michigan,86.2,21.5,A,,37.9,44.6,0,0
Connecticut,51.2,-20.6,NC State,92.1,16,A,,43.5,39.1,0,0
Connecticut,51.2,-20.6,Fresno State,72.4,10.5,H,,20.1,28.6,0.01,0
Connecticut,51.2,-20.6,Florida International,41.7,-19,A,,-7.4,4.1,0.72,0.38
Connecticut,51.2,-20.6,Ball State,52.4,-18.9,A,,2.7,4.2,0.46,0.38
Connecticut,51.2,-20.6,Boston College,73.9,0,H,,21.6,18.1,0,0.05
Connecticut,51.2,-20.6,UMass,47.1,-20.7,H,,-5.1,-2.6,0.64,0.54
Connecticut,51.2,-20.6,Liberty,71.8,1.5,H,,19.5,19.6,0.02,0.02
Connecticut,51.2,-20.6,Army,66.2,-0.8,A,,17.6,22.3,0.06,0
Duke,54.6,-13.7,Temple,49.3,-14.9,H,,-7.8,-3.7,0.74,0.61
Duke,54.6,-13.7,Northwestern,71.3,-4.2,A,,18.5,12,0.04,0.18
Duke,54.6,-13.7,North Carolina A&T,42,-28.5,H,,-15.1,-17.3,0.88,0.94
Duke,54.6,-13.7,Kansas,64,-12.2,A,,10.8,4,0.2,0.38
Duke,54.6,-13.7,Virginia,76.5,3.3,H,c,19.3,14.5,0.02,0.14
Duke,54.6,-13.7,Georgia Tech,71.1,-4.7,A,c,18.5,11.5,0.04,0.19
Duke,54.6,-13.7,North Carolina,82.2,10.1,H,c,25,21.3,0,0
Duke,54.6,-13.7,Miami,91.9,14.6,A,c,40.1,30.8,0,0
Duke,54.6,-13.7,Boston College,73.9,0,A,c,22.1,16.2,0,0.11
Duke,54.6,-13.7,Virginia Tech,84.2,4.3,H,c,27,15.5,0,0.12
Duke,54.6,-13.7,Pittsburgh,90.9,16.2,A,c,38.4,32.4,0,0
Duke,54.6,-13.7,Wake Forest,79,7.4,H,c,21.8,18.6,0,0.04
East Carolina,74.2,-1.8,NC State,92.1,16,H,,15.9,15.3,0.11,0.12
East Carolina,74.2,-1.8,Old Dominion,63.1,-6,H,,-13,-6.7,0.83,0.68
East Carolina,74.2,-1.8,Campbell,39,-31.5,H,,-37.1,-32.2,1,1
East Carolina,74.2,-1.8,Navy,65,-12.7,H,c,-11.1,-13.4,0.8,0.84
East Carolina,74.2,-1.8,South Florida,61.9,-5.4,A,c,-10.7,-1.1,0.79,0.51
East Carolina,74.2,-1.8,Tulane,76.4,0.9,A,c,6.1,5.2,0.34,0.36
East Carolina,74.2,-1.8,Memphis,69.3,4,H,c,-6.8,3.3,0.7,0.39
East Carolina,74.2,-1.8,UCF,77.6,11,H,c,1.4,10.3,0.48,0.21
East Carolina,74.2,-1.8,BYU,90.4,14.1,A,,18.3,18.4,0.04,0.04
East Carolina,74.2,-1.8,Cincinnati,87.1,17.2,A,c,15.7,21.5,0.12,0
East Carolina,74.2,-1.8,Houston,81.1,11.5,H,c,4.9,10.8,0.36,0.2
East Carolina,74.2,-1.8,Temple,49.3,-14.9,A,c,-21.6,-10.6,1,0.79
Eastern Michigan,66.3,-12,Eastern Kentucky,52,-18.5,H,,-15.5,-9,0.88,0.75
Eastern Michigan,66.3,-12,Louisiana,64.9,0.7,A,,1,15.2,0.49,0.13
Eastern Michigan,66.3,-12,Arizona State,81.3,12.4,A,,17.6,26.9,0.06,0
Eastern Michigan,66.3,-12,Buffalo,56.1,-9.3,H,c,-11.4,0.1,0.81,0.5
Eastern Michigan,66.3,-12,UMass,47.1,-20.7,H,,-20.4,-11.2,0.99,0.8
Eastern Michigan,66.3,-12,Western Michigan,58.3,2.3,A,c,-5.2,16.8,0.64,0.08
Eastern Michigan,66.3,-12,Northern Illinois,69.4,-4.1,H,c,1.8,5.4,0.47,0.35
Eastern Michigan,66.3,-12,Ball State,52.4,-18.9,A,c,-12.3,-4.4,0.83,0.63
Eastern Michigan,66.3,-12,Toledo,79.8,6,H,c,12.2,15.5,0.18,0.12
Eastern Michigan,66.3,-12,Akron,53.4,-21.2,A,c,-12.4,-6.7,0.83,0.68
Eastern Michigan,66.3,-12,Kent State,53.2,-10,A,c,-10.6,4.5,0.79,0.37
Eastern Michigan,66.3,-12,Central Michigan,66.9,-4,H,c,-0.6,5.5,0.5,0.35
Florida International,41.7,-19,Bryant,36.5,-34,H,,-7.2,-17.5,0.7,0.94
Florida International,41.7,-19,Texas State,64.2,-14.3,A,,24.4,7.2,0,0.3
Florida International,41.7,-19,Western Kentucky,65.9,-6.4,A,,26.4,15.1,0,0.13
Florida International,41.7,-19,New Mexico State,40.4,-26.2,A,,0.7,-4.7,0.5,0.63
Florida International,41.7,-19,Connecticut,51.2,-20.6,H,c,7.4,-4.1,0.26,0.62
Florida International,41.7,-19,Florida Atlantic,57.5,-7,H,c,13.7,9.5,0.16,0.23
Florida International,41.7,-19,Charlotte,56.2,-11,A,c,16.8,10.5,0.08,0.21
Florida International,41.7,-19,Middle Tennessee,65.3,-8.4,H,c,21.5,8.1,0,0.26
Florida International,41.7,-19,North Texas,61,-3,A,c,21.6,18.5,0,0.04
Florida,84.1,15,Utah,91.4,16.2,H,,4.8,-1.3,0.36,0.52
Florida,84.1,15,Kentucky,81.4,14.5,H,c,-5.1,-3,0.64,0.57
Florida,84.1,15,South Florida,61.9,-5.4,H,,-24.6,-22.9,1,1
Florida,84.1,15,Tennessee,80.8,18.7,A,c,-1.8,6.2,0.53,0.34
Florida,84.1,15,Eastern Washington,65,-5.5,H,,-21.5,-23,1,1
Florida,84.1,15,Missouri,61,5.3,H,c,-25.5,-12.2,1,0.82
Florida,84.1,15,LSU,74.2,8,H,c,-12.3,-9.5,0.83,0.76
Florida,84.1,15,Georgia,92,28.7,N,c,7.9,11.2,0.26,0.2
Florida,84.1,15,Texas A&M,88.8,20.1,A,c,7,7.6,0.3,0.26
Florida,84.1,15,South Carolina,63.7,7.2,H,c,-22.8,-10.3,1,0.79
Florida,84.1,15,Vanderbilt,55.2,-12.1,A,c,-26.5,-24.6,1,1
Florida,84.1,15,Florida State,87,13.4,A,,5.1,0.9,0.36,0.49
Florida Atlantic,57.5,-7,Ohio,54.2,-10.1,A,,-1,-0.6,0.51,0.5
Florida Atlantic,57.5,-7,Southeastern Louisiana,57.5,-13,H,,-1.6,-8.5,0.52,0.74
Florida Atlantic,57.5,-7,UCF,77.6,11,H,,18.4,15.5,0.04,0.12
Florida Atlantic,57.5,-7,Purdue,80.1,12.8,A,,24.4,22.3,0,0
Florida Atlantic,57.5,-7,UAB,71.1,4.8,H,c,11.9,9.3,0.18,0.23
Florida Atlantic,57.5,-7,UTEP,58,-7.9,A,c,1.7,1.6,0.48,0.48
Florida Atlantic,57.5,-7,Florida International,41.7,-19,A,c,-13.7,-9.5,0.84,0.76
Florida Atlantic,57.5,-7,Western Kentucky,65.9,-6.4,H,c,6.7,-1.9,0.32,0.53
Florida Atlantic,57.5,-7,Charlotte,56.2,-11,H,c,-2.9,-6.5,0.57,0.68
Florida Atlantic,57.5,-7,Middle Tennessee,65.3,-8.4,A,c,10.5,1.1,0.21,0.49
Florida State,87,13.4,Duquesne,38,-32.5,H,,-51.2,-48.4,1,1
Florida State,87,13.4,LSU,74.2,8,N,,-12.8,-7.9,0.83,0.74
Florida State,87,13.4,Louisville,83.9,12.7,A,c,-1.3,1.8,0.52,0.47
Florida State,87,13.4,Boston College,73.9,0,H,c,-15.3,-15.9,0.88,0.89
Florida State,87,13.4,Wake Forest,79,7.4,H,c,-10.2,-8.5,0.77,0.74
Florida State,87,13.4,NC State,92.1,16,A,c,7.7,5.1,0.26,0.36
Florida State,87,13.4,Clemson,96.7,21,H,c,7.4,5.1,0.26,0.36
Florida State,87,13.4,Georgia Tech,71.1,-4.7,H,c,-18.1,-20.6,0.95,0.99
Florida State,87,13.4,Miami,91.9,14.6,A,c,7.7,3.7,0.26,0.39
Florida State,87,13.4,Syracuse,76.8,4.5,A,c,-7.7,-6.4,0.73,0.68
Florida State,87,13.4,Louisiana,64.9,0.7,H,,-24.3,-15.2,1,0.88
Florida State,87,13.4,Florida,84.1,15,H,,-5.1,-0.9,0.64,0.51
Fresno State,72.4,10.5,Cal Poly,34.5,-36,H,,-40.6,-49,1,1
Fresno State,72.4,10.5,Oregon State,75.5,8,H,,0.3,-5,0.5,0.64
Fresno State,72.4,10.5,USC,75.3,3.1,A,,5.6,-4.9,0.35,0.64
Fresno State,72.4,10.5,Connecticut,51.2,-20.6,A,,-20.1,-28.6,0.99,1
Fresno State,72.4,10.5,Boise State,71.9,8.5,A,c,1.5,0.5,0.48,0.5
Fresno State,72.4,10.5,Hawai'i,53.9,-16.5,H,c,-21.2,-29.5,1,1
Fresno State,72.4,10.5,San Diego State,62.3,1.8,H,c,-12.8,-11.2,0.83,0.8
Fresno State,72.4,10.5,San Jose State,71.5,-6.3,H,c,-3.6,-19.3,0.61,0.98
Fresno State,72.4,10.5,Wyoming,61.9,-3.4,H,c,-13.2,-16.4,0.83,0.89
Fresno State,72.4,10.5,Nevada,61,-15.5,A,c,-8.4,-23.5,0.74,1
Fresno State,72.4,10.5,New Mexico,40,-19.3,A,c,-31,-27.3,1,1
Fresno State,72.4,10.5,UNLV,58.8,-10,A,c,-11.6,-18,0.81,0.95
Georgia,92,28.7,Oregon,83.8,12.3,N,,-8.1,-18.9,0.74,0.97
Georgia,92,28.7,Samford,47,-23.5,H,,-47.2,-54.7,1,1
Georgia,92,28.7,South Carolina,63.7,7.2,A,c,-25.9,-19,1,0.97
Georgia,92,28.7,Kent State,53.2,-10,H,,-41,-41.2,1,1
Georgia,92,28.7,Missouri,61,5.3,A,c,-27.8,-20.9,1,1
Georgia,92,28.7,Auburn,77.4,13.2,H,c,-16.8,-18,0.91,0.95
Georgia,92,28.7,Vanderbilt,55.2,-12.1,H,c,-39,-43.3,1,1
Georgia,92,28.7,Florida,84.1,15,N,c,-7.9,-16.2,0.74,0.89
Georgia,92,28.7,Tennessee,80.8,18.7,H,c,-13.4,-12.5,0.84,0.83
Georgia,92,28.7,Mississippi State,78.6,16.8,A,c,-10,-9.4,0.77,0.76
Georgia,92,28.7,Kentucky,81.4,14.5,A,c,-8.2,-11.7,0.74,0.81
Georgia,92,28.7,Georgia Tech,71.1,-4.7,H,,-23.1,-35.9,1,1
Georgia Southern,59.1,-8.8,Morgan State,23.5,-47,H,,-39.3,-40.7,1,1
Georgia Southern,59.1,-8.8,Nebraska,83.9,11.7,A,,26.1,23,0,0
Georgia Southern,59.1,-8.8,UAB,71.1,4.8,A,,15.7,16.1,0.12,0.11
Georgia Southern,59.1,-8.8,Ball State,52.4,-18.9,H,,-10.4,-12.6,0.79,0.83
Georgia Southern,59.1,-8.8,Coastal Carolina,70.5,0.6,A,c,13,11.9,0.17,0.18
Georgia Southern,59.1,-8.8,Troy,75.7,-4.9,H,c,12.8,1.4,0.17,0.48
Georgia Southern,59.1,-8.8,Appalachian State,75.2,4.2,H,c,12.3,10.5,0.18,0.21
Georgia Southern,59.1,-8.8,Louisiana Monroe,51.3,-21.2,H,c,-11.5,-14.9,0.81,0.88
Georgia Southern,59.1,-8.8,Texas State,64.2,-14.3,H,c,1.3,-8,0.48,0.74
Georgia Southern,59.1,-8.8,Georgia State,67.9,0.1,A,c,10.9,11.4,0.2,0.19
Georgia Southern,59.1,-8.8,Arkansas State,54.8,-15.7,A,c,-1,-4.4,0.51,0.63
Georgia Southern,59.1,-8.8,Louisiana,64.9,0.7,A,c,8.2,12,0.26,0.18
Georgia State,67.9,0.1,South Carolina,63.7,7.2,A,,-1.8,9.6,0.53,0.23
Georgia State,67.9,0.1,North Carolina,82.2,10.1,H,,12.1,7.5,0.18,0.26
Georgia State,67.9,0.1,Charlotte,56.2,-11,H,,-13.8,-13.6,0.85,0.84
Georgia State,67.9,0.1,Army,66.2,-0.8,A,,0.9,1.6,0.49,0.48
Georgia State,67.9,0.1,Appalachian State,75.2,4.2,A,c,9.1,6.6,0.24,0.32
Georgia State,67.9,0.1,Coastal Carolina,70.5,0.6,H,c,0.4,-2,0.5,0.53
Georgia State,67.9,0.1,Georgia Southern,59.1,-8.8,H,c,-10.9,-11.4,0.8,0.81
Georgia State,67.9,0.1,Louisiana,64.9,0.7,H,c,-5.1,-1.9,0.64,0.53
Georgia State,67.9,0.1,South Alabama,63,-9.6,H,c,-7,-12.2,0.7,0.82
Georgia State,67.9,0.1,Troy,75.7,-4.9,A,c,9,-2.5,0.24,0.54
Georgia State,67.9,0.1,Arkansas State,54.8,-15.7,A,c,-9.8,-13.3,0.77,0.84
Georgia State,67.9,0.1,Texas State,64.2,-14.3,A,c,-1.7,-11.9,0.52,0.82
Georgia Tech,71.1,-4.7,Clemson,96.7,21,N,c,25.6,23.2,0,0
Georgia Tech,71.1,-4.7,Western Carolina,43.5,-27,H,,-29.6,-24.8,1,1
Georgia Tech,71.1,-4.7,Ole Miss,74.8,14.4,H,,1.6,16.6,0.48,0.1
Georgia Tech,71.1,-4.7,UCF,77.6,11,A,,9.5,18.2,0.23,0.05
Georgia Tech,71.1,-4.7,Pittsburgh,90.9,16.2,A,c,21.9,23.4,0,0
Georgia Tech,71.1,-4.7,Duke,54.6,-13.7,H,c,-18.5,-11.5,0.96,0.81
Georgia Tech,71.1,-4.7,Virginia,76.5,3.3,H,c,3.3,5.5,0.39,0.35
Georgia Tech,71.1,-4.7,Florida State,87,13.4,A,c,18.1,20.6,0.05,0.01
Georgia Tech,71.1,-4.7,Virginia Tech,84.2,4.3,A,c,14.9,11.5,0.13,0.19
Georgia Tech,71.1,-4.7,Miami,91.9,14.6,H,c,18.7,16.8,0.04,0.08
Georgia Tech,71.1,-4.7,North Carolina,82.2,10.1,A,c,14.2,17.3,0.15,0.06
Georgia Tech,71.1,-4.7,Georgia,92,28.7,A,,23.1,35.9,0,0
Hawai'i,53.9,-16.5,Vanderbilt,55.2,-12.1,H,,0,1.9,0.5,0.47
Hawai'i,53.9,-16.5,Western Kentucky,65.9,-6.4,H,,10.7,7.6,0.21,0.26
Hawai'i,53.9,-16.5,Duquesne,38,-32.5,H,,-17.1,-18.5,0.91,0.96
Hawai'i,53.9,-16.5,New Mexico State,40.4,-26.2,A,,-11.4,-7.2,0.81,0.7
Hawai'i,53.9,-16.5,Colorado State,56.6,-3.8,A,c,5.9,15.2,0.34,0.13
Hawai'i,53.9,-16.5,Fresno State,72.4,10.5,A,c,21.2,29.5,0,0
Hawai'i,53.9,-16.5,Nevada,61,-15.5,H,c,5.8,-1.5,0.34,0.52
Hawai'i,53.9,-16.5,UNLV,58.8,-10,H,c,3.6,4,0.39,0.38
Hawai'i,53.9,-16.5,Utah State,62,-4.6,H,c,6.8,9.4,0.3,0.23
Hawai'i,53.9,-16.5,Wyoming,61.9,-3.4,H,c,6.7,10.6,0.32,0.21
Hawai'i,53.9,-16.5,San Diego State,62.3,1.8,A,c,10.5,20.8,0.21,0.01
Hawai'i,53.9,-16.5,San Jose State,71.5,-6.3,A,c,20.5,12.7,0.01,0.18
Hawai'i,53.9,-16.5,Michigan,86.2,21.5,A,,35.2,40.5,0,0
Houston,81.1,11.5,UT San Antonio,56.7,5,A,,-22.7,-4,1,0.62
Houston,81.1,11.5,Texas Tech,72.4,6.4,A,,-5.4,-2.6,0.65,0.54
Houston,81.1,11.5,Kansas,64,-12.2,H,,-19.5,-26.2,0.98,1
Houston,81.1,11.5,Rice,51.7,-19.2,H,,-31.8,-33.2,1,1
Houston,81.1,11.5,Tulane,76.4,0.9,H,c,-7.1,-13.1,0.7,0.83
Houston,81.1,11.5,Memphis,69.3,4,A,c,-8.6,-5,0.74,0.64
Houston,81.1,11.5,Navy,65,-12.7,A,c,-12.8,-21.7,0.83,1
Houston,81.1,11.5,South Florida,61.9,-5.4,H,c,-21.6,-19.4,1,0.98
Houston,81.1,11.5,SMU,77.6,10.5,A,c,-0.4,1.5,0.5,0.48
Houston,81.1,11.5,Temple,49.3,-14.9,H,c,-34.2,-28.9,1,1
Houston,81.1,11.5,East Carolina,74.2,-1.8,A,c,-4.9,-10.8,0.64,0.8
Houston,81.1,11.5,Tulsa,63.3,-1.9,H,c,-20.2,-15.9,0.99,0.89
Illinois,67.8,-2.2,Wyoming,61.9,-3.4,H,,-7.9,-3.7,0.74,0.61
Illinois,67.8,-2.2,Indiana,63.5,-0.5,A,c,-1.4,4.2,0.52,0.38
Illinois,67.8,-2.2,Virginia,76.5,3.3,H,,6.6,3,0.32,0.43
Illinois,67.8,-2.2,Chattanooga,55,-15.5,H,,-14.8,-15.8,0.88,0.89
Illinois,67.8,-2.2,Wisconsin,84.3,17.7,A,c,18.8,22.4,0.03,0
Illinois,67.8,-2.2,Iowa,87.7,13.1,H,c,17.8,12.8,0.05,0.17
Illinois,67.8,-2.2,Minnesota,80.6,14.6,H,c,10.7,14.3,0.21,0.14
Illinois,67.8,-2.2,Nebraska,83.9,11.7,A,c,17.4,16.4,0.06,0.1
Illinois,67.8,-2.2,Michigan State,81.8,15.3,H,c,11.9,15,0.18,0.13
Illinois,67.8,-2.2,Purdue,80.1,12.8,H,c,10.2,12.5,0.22,0.18
Illinois,67.8,-2.2,Michigan,86.2,21.5,A,c,21.3,26.2,0,0
Illinois,67.8,-2.2,Northwestern,71.3,-4.2,A,c,5.3,0.5,0.35,0.5
Indiana,63.5,-0.5,Illinois,67.8,-2.2,H,c,1.4,-4.2,0.48,0.62
Indiana,63.5,-0.5,Idaho,46,-24.5,H,,-20.3,-26.5,0.99,1
Indiana,63.5,-0.5,Western Kentucky,65.9,-6.4,H,,-0.4,-8.4,0.5,0.74
Indiana,63.5,-0.5,Cincinnati,87.1,17.2,A,,26.4,20.2,0,0.01
Indiana,63.5,-0.5,Nebraska,83.9,11.7,A,c,21.7,14.7,0,0.14
Indiana,63.5,-0.5,Michigan,86.2,21.5,H,c,19.8,19.5,0.01,0.02
Indiana,63.5,-0.5,Maryland,75.3,10,H,c,8.9,8,0.24,0.26
Indiana,63.5,-0.5,Rutgers,71.8,-0.3,A,c,10.4,2.7,0.21,0.46
Indiana,63.5,-0.5,Penn State,85.7,15.9,H,c,19.3,13.9,0.02,0.15
Indiana,63.5,-0.5,Ohio State,109.2,30.8,A,c,48.1,33.8,0,0
Indiana,63.5,-0.5,Michigan State,81.8,15.3,A,c,19.3,18.3,0.02,0.04
Indiana,63.5,-0.5,Purdue,80.1,12.8,H,c,13.7,10.8,0.16,0.2
Iowa,87.7,13.1,South Dakota State,70,-0.5,H,,-19.9,-16.1,0.99,0.89
Iowa,87.7,13.1,Iowa State,76.7,5.8,H,,-13.2,-9.8,0.83,0.77
Iowa,87.7,13.1,Nevada,61,-15.5,H,,-28.9,-31.1,1,1
Iowa,87.7,13.1,Rutgers,71.8,-0.3,A,c,-13.7,-10.9,0.84,0.8
Iowa,87.7,13.1,Michigan,86.2,21.5,H,c,-3.7,5.9,0.61,0.34
Iowa,87.7,13.1,Illinois,67.8,-2.2,A,c,-17.8,-12.8,0.95,0.83
Iowa,87.7,13.1,Ohio State,109.2,30.8,A,c,23.9,20.2,0,0.01
Iowa,87.7,13.1,Northwestern,71.3,-4.2,H,c,-18.6,-19.8,0.96,0.99
Iowa,87.7,13.1,Purdue,80.1,12.8,A,c,-5.7,2.2,0.65,0.47
Iowa,87.7,13.1,Wisconsin,84.3,17.7,H,c,-5.6,2.1,0.65,0.47
Iowa,87.7,13.1,Minnesota,80.6,14.6,A,c,-4,4,0.62,0.38
Iowa,87.7,13.1,Nebraska,83.9,11.7,H,c,-6,-3.9,0.67,0.62
Iowa State,76.7,5.8,SEMO,44.5,-26,H,,-35,-34.3,1,1
Iowa State,76.7,5.8,Iowa,87.7,13.1,A,,13.2,9.8,0.17,0.22
Iowa State,76.7,5.8,Ohio,54.2,-10.1,H,,-25.3,-18.4,1,0.96
Iowa State,76.7,5.8,Baylor,76.2,12.6,H,c,-3.3,4.3,0.61,0.37
Iowa State,76.7,5.8,Kansas,64,-12.2,A,c,-11.2,-15.5,0.8,0.88
Iowa State,76.7,5.8,Kansas State,76.6,9.9,H,c,-2.9,1.6,0.57,0.48
Iowa State,76.7,5.8,Texas,84.8,12.3,A,c,10,9,0.22,0.24
Iowa State,76.7,5.8,Oklahoma,81.6,19.2,H,c,2,10.9,0.47,0.2
Iowa State,76.7,5.8,West Virginia,69.3,5.6,H,c,-10.2,-2.7,0.77,0.54
Iowa State,76.7,5.8,Oklahoma State,82.4,11.4,A,c,8.8,8.1,0.24,0.26
Iowa State,76.7,5.8,Texas Tech,72.4,6.4,H,c,-7.1,-1.9,0.7,0.53
Iowa State,76.7,5.8,TCU,84.2,7.3,A,c,9.2,4,0.24,0.38
Kansas,64,-12.2,Tennessee Tech,31.5,-39,H,,-33.9,-29.3,1,1
Kansas,64,-12.2,West Virginia,69.3,5.6,A,c,8,20.3,0.26,0.01
Kansas,64,-12.2,Houston,81.1,11.5,A,,19.5,26.2,0.02,0
Kansas,64,-12.2,Duke,54.6,-13.7,H,,-10.8,-4,0.8,0.62
Kansas,64,-12.2,Iowa State,76.7,5.8,H,c,11.2,15.5,0.2,0.12
Kansas,64,-12.2,TCU,84.2,7.3,H,c,18.7,17,0.04,0.08
Kansas,64,-12.2,Oklahoma,81.6,19.2,A,c,20.5,33.9,0.01,0
Kansas,64,-12.2,Baylor,76.2,12.6,A,c,15.1,27.3,0.13,0
Kansas,64,-12.2,Oklahoma State,82.4,11.4,H,c,16.9,21.1,0.08,0
Kansas,64,-12.2,Texas Tech,72.4,6.4,A,c,11.6,21.1,0.19,0
Kansas,64,-12.2,Texas,84.8,12.3,H,c,19.3,22,0.02,0
Kansas,64,-12.2,Kansas State,76.6,9.9,A,c,16,24.6,0.11,0
Kansas State,76.6,9.9,South Dakota,59.5,-11,H,,-20.5,-23.4,0.99,1
Kansas State,76.6,9.9,Missouri,61,5.3,H,,-19,-7.1,0.97,0.7
Kansas State,76.6,9.9,Tulane,76.4,0.9,H,,-3.6,-11.5,0.61,0.81
Kansas State,76.6,9.9,Oklahoma,81.6,19.2,A,c,7.9,11.8,0.26,0.18
Kansas State,76.6,9.9,Texas Tech,72.4,6.4,H,c,-7.6,-6,0.73,0.67
Kansas State,76.6,9.9,Iowa State,76.7,5.8,A,c,2.9,-1.6,0.43,0.52
Kansas State,76.6,9.9,TCU,84.2,7.3,A,c,9.3,-0.1,0.23,0.5
Kansas State,76.6,9.9,Oklahoma State,82.4,11.4,H,c,2.3,-1,0.46,0.51
Kansas State,76.6,9.9,Texas,84.8,12.3,H,c,4.7,0,0.37,0.5
Kansas State,76.6,9.9,Baylor,76.2,12.6,A,c,2.5,5.2,0.46,0.36
Kansas State,76.6,9.9,West Virginia,69.3,5.6,A,c,-4.5,-1.8,0.63,0.53
Kansas State,76.6,9.9,Kansas,64,-12.2,H,c,-16,-24.6,0.89,1
Kent State,53.2,-10,Washington,83.3,4.1,A,,32.6,16.6,0,0.1
Kent State,53.2,-10,Oklahoma,81.6,19.2,A,,31.3,31.7,0,0
Kent State,53.2,-10,Long Island,21,-49.5,H,,-34.6,-42,1,1
Kent State,53.2,-10,Georgia,92,28.7,A,,41,41.2,0,0
Kent State,53.2,-10,Ohio,54.2,-10.1,H,c,-1.4,-2.6,0.52,0.54
Kent State,53.2,-10,Miami (OH),67.4,-1.7,A,c,16.8,10.8,0.08,0.2
Kent State,53.2,-10,Toledo,79.8,6,A,c,29.5,18.5,0,0.04
Kent State,53.2,-10,Akron,53.4,-21.2,H,c,-2.2,-13.7,0.53,0.84
Kent State,53.2,-10,Ball State,52.4,-18.9,H,c,-3.2,-11.4,0.57,0.81
Kent State,53.2,-10,Bowling Green,55.5,-7.4,A,c,3.9,5.1,0.38,0.36
Kent State,53.2,-10,Eastern Michigan,66.3,-12,H,c,10.6,-4.5,0.21,0.63
Kent State,53.2,-10,Buffalo,56.1,-9.3,A,c,7.3,3.2,0.26,0.43
Kentucky,81.4,14.5,Miami (OH),67.4,-1.7,H,,-16.3,-18.7,0.89,0.96
Kentucky,81.4,14.5,Florida,84.1,15,A,c,5.1,3,0.36,0.43
Kentucky,81.4,14.5,Youngstown State,52.5,-18,H,,-31.2,-35,1,1
Kentucky,81.4,14.5,Northern Illinois,69.4,-4.1,H,,-14.3,-21.1,0.87,1
Kentucky,81.4,14.5,Ole Miss,74.8,14.4,A,c,-4.3,2.4,0.63,0.46
Kentucky,81.4,14.5,South Carolina,63.7,7.2,H,c,-20,-9.8,0.99,0.77
Kentucky,81.4,14.5,Mississippi State,78.6,16.8,H,c,-5.1,-0.1,0.64,0.5
Kentucky,81.4,14.5,Tennessee,80.8,18.7,A,c,0.8,6.7,0.49,0.32
Kentucky,81.4,14.5,Missouri,61,5.3,A,c,-17.2,-6.7,0.91,0.68
Kentucky,81.4,14.5,Vanderbilt,55.2,-12.1,H,c,-28.5,-29.1,1,1
Kentucky,81.4,14.5,Georgia,92,28.7,H,c,8.2,11.7,0.26,0.19
Kentucky,81.4,14.5,Louisville,83.9,12.7,H,,0.1,-4.3,0.5,0.63
Louisiana,64.9,0.7,Southeastern Louisiana,57.5,-13,H,,-9.8,-16.2,0.77,0.89
Louisiana,64.9,0.7,Eastern Michigan,66.3,-12,H,,-1,-15.2,0.51,0.88
Louisiana,64.9,0.7,Rice,51.7,-19.2,A,,-10.4,-17.4,0.79,0.94
Louisiana,64.9,0.7,Florida State,87,13.4,A,,24.3,15.2,0,0.13
Louisiana,64.9,0.7,Coastal Carolina,70.5,0.6,A,c,7.2,2.4,0.3,0.46
Louisiana,64.9,0.7,Georgia State,67.9,0.1,A,c,5.1,1.9,0.36,0.47
Louisiana,64.9,0.7,South Alabama,63,-9.6,H,c,-4.3,-12.8,0.63,0.83
Louisiana,64.9,0.7,Arkansas State,54.8,-15.7,H,c,-12.5,-18.9,0.83,0.97
Louisiana,64.9,0.7,Georgia Southern,59.1,-8.8,H,c,-8.2,-12,0.74,0.82
Louisiana,64.9,0.7,Troy,75.7,-4.9,H,c,8.3,-8.1,0.25,0.74
Louisiana,64.9,0.7,Louisiana Monroe,51.3,-21.2,A,c,-13,-19.4,0.83,0.98
Louisiana,64.9,0.7,Texas State,64.2,-14.3,A,c,1.2,-12.5,0.49,0.83
Louisiana Tech,65,-12.1,Missouri,61,5.3,A,,-0.8,19.9,0.51,0.01
Louisiana Tech,65,-12.1,Stephen F. Austin,56,-14.5,H,,-11.2,-4.9,0.8,0.64
Louisiana Tech,65,-12.1,Clemson,96.7,21,A,,34.2,35.6,0,0
Louisiana Tech,65,-12.1,South Alabama,63,-9.6,A,,0,5,0.5,0.36
Louisiana Tech,65,-12.1,UTEP,58,-7.9,H,c,-9.2,1.7,0.75,0.48
Louisiana Tech,65,-12.1,UAB,71.1,4.8,H,c,3.8,14.4,0.38,0.14
Louisiana Tech,65,-12.1,UT San Antonio,56.7,5,A,c,-6.6,19.6,0.68,0.02
Louisiana Tech,65,-12.1,Charlotte,56.2,-11,A,c,-6.4,3.6,0.68,0.39
Louisiana Tech,65,-12.1,Rice,51.7,-19.2,H,c,-15.5,-9.6,0.88,0.76
Louisiana Tech,65,-12.1,North Texas,61,-3,A,c,-1.6,11.6,0.52,0.19
Louisville,83.9,12.7,Syracuse,76.8,4.5,A,c,-4.6,-5.7,0.63,0.65
Louisville,83.9,12.7,UCF,77.6,11,A,,-3.2,0.8,0.57,0.49
Louisville,83.9,12.7,Florida State,87,13.4,H,c,1.3,-1.8,0.48,0.53
Louisville,83.9,12.7,South Florida,61.9,-5.4,H,,-23.7,-20.6,1,0.99
Louisville,83.9,12.7,Boston College,73.9,0,A,c,-7.1,-10.2,0.7,0.77
Louisville,83.9,12.7,Virginia,76.5,3.3,A,c,-4.3,-6.9,0.63,0.7
Louisville,83.9,12.7,Pittsburgh,90.9,16.2,H,c,5.2,1,0.36,0.49
Louisville,83.9,12.7,Wake Forest,79,7.4,H,c,-6.6,-7.8,0.68,0.74
Louisville,83.9,12.7,James Madison,71,0.5,H,,-14.6,-14.7,0.87,0.87
Louisville,83.9,12.7,Clemson,96.7,21,A,c,15.3,10.8,0.12,0.2
Louisville,83.9,12.7,NC State,92.1,16,H,c,6.4,0.8,0.32,0.49
Louisville,83.9,12.7,Kentucky,81.4,14.5,A,,-0.1,4.3,0.5,0.37
LSU,74.2,8,Florida State,87,13.4,N,,12.8,2.9,0.17,0.43
LSU,74.2,8,Southern,33.5,-37,H,,-43.2,-47.5,1,1
LSU,74.2,8,Mississippi State,78.6,16.8,H,,1.8,6.3,0.47,0.32
LSU,74.2,8,New Mexico,40,-19.3,H,c,-36.7,-29.8,1,1
LSU,74.2,8,Auburn,77.4,13.2,A,c,6,7.7,0.34,0.26
LSU,74.2,8,Tennessee,80.8,18.7,H,c,4,8.2,0.38,0.26
LSU,74.2,8,Florida,84.1,15,A,c,12.3,9.5,0.18,0.23
LSU,74.2,8,Ole Miss,74.8,14.4,H,c,-1.9,3.9,0.53,0.38
LSU,74.2,8,Alabama,107.2,27.4,H,c,30.4,16.9,0,0.08
LSU,74.2,8,Arkansas,82.6,12.8,A,c,11.3,7.3,0.19,0.26
LSU,74.2,8,UAB,71.1,4.8,H,,-5.6,-5.7,0.65,0.65
LSU,74.2,8,Texas A&M,88.8,20.1,A,c,16.9,14.6,0.08,0.14
Marshall,70.3,4.8,Norfolk State,36,-34.5,H,,-36.2,-41.8,1,1
Marshall,70.3,4.8,Notre Dame,82.2,19,A,,14.5,16.7,0.14,0.09
Marshall,70.3,4.8,Bowling Green,55.5,-7.4,A,,-13.1,-9.7,0.83,0.76
Marshall,70.3,4.8,Troy,75.7,-4.9,A,c,6.6,-7.2,0.32,0.7
Marshall,70.3,4.8,Gardner-Webb,38,-32.5,H,,-34.2,-39.8,1,1
Marshall,70.3,4.8,Louisiana,64.9,0.7,H,c,-7.3,-6.6,0.72,0.68
Marshall,70.3,4.8,James Madison,71,0.5,A,c,3.2,-1.8,0.43,0.53
Marshall,70.3,4.8,Coastal Carolina,70.5,0.6,H,c,-1.7,-6.7,0.52,0.68
Marshall,70.3,4.8,Old Dominion,63.1,-6,A,c,-6.3,-8.3,0.68,0.74
Marshall,70.3,4.8,Appalachian State,75.2,4.2,H,c,2.9,-3.1,0.43,0.57
Marshall,70.3,4.8,Georgia Southern,59.1,-8.8,A,c,-7.4,-11.1,0.72,0.8
Marshall,70.3,4.8,Georgia State,67.9,0.1,H,c,-4.3,-7.2,0.63,0.7
Maryland,75.3,10,Buffalo,56.1,-9.3,H,,-21.2,-21.8,1,1
Maryland,75.3,10,Charlotte,56.2,-11,A,,-16.7,-18.5,0.89,0.96
Maryland,75.3,10,SMU,77.6,10.5,H,,0.2,-2,0.5,0.53
Maryland,75.3,10,Michigan,86.2,21.5,A,c,13.8,14,0.15,0.15
Maryland,75.3,10,Michigan State,81.8,15.3,H,c,4.4,2.8,0.37,0.43
Maryland,75.3,10,Purdue,80.1,12.8,H,c,2.7,0.3,0.46,0.5
Maryland,75.3,10,Indiana,63.5,-0.5,A,c,-8.9,-8,0.75,0.74
Maryland,75.3,10,Northwestern,71.3,-4.2,H,c,-6,-16.7,0.67,0.89
Maryland,75.3,10,Wisconsin,84.3,17.7,A,c,11.3,10.2,0.19,0.22
Maryland,75.3,10,Penn State,85.7,15.9,A,c,13,8.4,0.17,0.25
Maryland,75.3,10,Ohio State,109.2,30.8,H,c,31.8,18.3,0,0.04
Maryland,75.3,10,Rutgers,71.8,-0.3,H,c,-5.5,-12.8,0.65,0.83
UMass,47.1,-20.7,Tulane,76.4,0.9,A,,33.2,24.1,0,0
UMass,47.1,-20.7,Toledo,79.8,6,A,,35.6,29.2,0,0
UMass,47.1,-20.7,Stony Brook,45.5,-25,H,,-3.5,-6.8,0.61,0.7
UMass,47.1,-20.7,Temple,49.3,-14.9,A,,5.4,8.3,0.35,0.25
UMass,47.1,-20.7,Eastern Michigan,66.3,-12,A,,20.4,11.2,0.01,0.2
UMass,47.1,-20.7,Liberty,71.8,1.5,H,,22.7,19.7,0,0.02
UMass,47.1,-20.7,Buffalo,56.1,-9.3,H,,7,8.9,0.3,0.24
UMass,47.1,-20.7,New Mexico State,40.4,-26.2,H,,-8.6,-8,0.74,0.74
UMass,47.1,-20.7,Connecticut,51.2,-20.6,A,,5.1,2.6,0.36,0.46
UMass,47.1,-20.7,Arkansas State,54.8,-15.7,A,,10.9,7.5,0.2,0.26
UMass,47.1,-20.7,Texas A&M,88.8,20.1,A,,44,43.3,0,0
UMass,47.1,-20.7,Army,66.2,-0.8,H,,17.1,17.4,0.08,0.06
Memphis,69.3,4,Mississippi State,78.6,16.8,A,,12.6,15.3,0.18,0.12
Memphis,69.3,4,Navy,65,-12.7,A,c,-1,-14.2,0.51,0.85
Memphis,69.3,4,Arkansas State,54.8,-15.7,H,,-17.6,-22.2,0.94,1
Memphis,69.3,4,North Texas,61,-3,H,,-11.4,-9.5,0.81,0.76
Memphis,69.3,4,Temple,49.3,-14.9,H,c,-23.1,-21.4,1,1
Memphis,69.3,4,Houston,81.1,11.5,H,c,8.6,5,0.25,0.36
Memphis,69.3,4,East Carolina,74.2,-1.8,A,c,6.8,-3.3,0.3,0.61
Memphis,69.3,4,Tulane,76.4,0.9,A,c,11,-0.6,0.2,0.5
Memphis,69.3,4,UCF,77.6,11,H,c,5.1,4.5,0.36,0.37
Memphis,69.3,4,Tulsa,63.3,-1.9,H,c,-9.1,-8.4,0.75,0.74
Memphis,69.3,4,North Alabama,41,-29.5,H,,-31.4,-36,1,1
Memphis,69.3,4,SMU,77.6,10.5,A,c,11.3,9,0.19,0.24
Miami,91.9,14.6,Bethune-Cookman,30.5,-40,H,,-64.2,-57.1,1,1
Miami,91.9,14.6,Southern Mississippi,61.4,-6.6,H,,-33.3,-23.7,1,1
Miami,91.9,14.6,Texas A&M,88.8,20.1,A,,-0.7,8,0.5,0.26
Miami,91.9,14.6,Middle Tennessee,65.3,-8.4,H,,-29.4,-25.5,1,1
Miami,91.9,14.6,North Carolina,82.2,10.1,H,c,-12.5,-7,0.83,0.7
Miami,91.9,14.6,Virginia Tech,84.2,4.3,A,c,-5.8,-7.8,0.67,0.74
Miami,91.9,14.6,Duke,54.6,-13.7,H,c,-40.1,-30.8,1,1
Miami,91.9,14.6,Virginia,76.5,3.3,A,c,-12.3,-8.8,0.83,0.75
Miami,91.9,14.6,Florida State,87,13.4,H,c,-7.7,-3.7,0.73,0.61
Miami,91.9,14.6,Georgia Tech,71.1,-4.7,A,c,-18.7,-16.8,0.96,0.91
Miami,91.9,14.6,Clemson,96.7,21,A,c,7.3,8.9,0.26,0.24
Miami,91.9,14.6,Pittsburgh,90.9,16.2,H,c,-3.8,-0.9,0.62,0.51
Miami (OH),67.4,-1.7,Kentucky,81.4,14.5,A,,16.3,18.7,0.1,0.04
Miami (OH),67.4,-1.7,Robert Morris,32.5,-38,H,,-37.5,-38.8,1,1
Miami (OH),67.4,-1.7,Cincinnati,87.1,17.2,N,,19.7,16.4,0.02,0.1
Miami (OH),67.4,-1.7,Northwestern,71.3,-4.2,A,,5.7,0,0.35,0.5
Miami (OH),67.4,-1.7,Buffalo,56.1,-9.3,A,c,-6.8,-5.1,0.7,0.64
Miami (OH),67.4,-1.7,Kent State,53.2,-10,H,c,-16.8,-10.8,0.91,0.8
Miami (OH),67.4,-1.7,Bowling Green,55.5,-7.4,A,c,-10.2,-3.2,0.77,0.57
Miami (OH),67.4,-1.7,Western Michigan,58.3,2.3,H,c,-11.7,1.5,0.81,0.48
Miami (OH),67.4,-1.7,Akron,53.4,-21.2,A,c,-13.5,-17,0.84,0.91
Miami (OH),67.4,-1.7,Ohio,54.2,-10.1,H,c,-15.8,-10.9,0.89,0.8
Miami (OH),67.4,-1.7,Northern Illinois,69.4,-4.1,A,c,3.9,0.1,0.38,0.5
Miami (OH),67.4,-1.7,Ball State,52.4,-18.9,H,c,-17.6,-19.7,0.94,0.98
Michigan,86.2,21.5,Colorado State,56.6,-3.8,H,,-32.5,-27.8,1,1
Michigan,86.2,21.5,Hawai'i,53.9,-16.5,H,,-35.2,-40.5,1,1
Michigan,86.2,21.5,Connecticut,51.2,-20.6,H,,-37.9,-44.6,1,1
Michigan,86.2,21.5,Maryland,75.3,10,H,c,-13.8,-14,0.85,0.85
Michigan,86.2,21.5,Iowa,87.7,13.1,A,c,3.7,-5.9,0.39,0.67
Michigan,86.2,21.5,Indiana,63.5,-0.5,A,c,-19.8,-19.5,0.99,0.98
Michigan,86.2,21.5,Penn State,85.7,15.9,H,c,-3.4,-8.1,0.61,0.74
Michigan,86.2,21.5,Michigan State,81.8,15.3,H,c,-7.3,-8.7,0.72,0.74
Michigan,86.2,21.5,Rutgers,71.8,-0.3,A,c,-12.2,-19.3,0.82,0.98
Michigan,86.2,21.5,Nebraska,83.9,11.7,H,c,-5.2,-12.3,0.64,0.83
Michigan,86.2,21.5,Illinois,67.8,-2.2,H,c,-21.3,-26.2,1,1
Michigan,86.2,21.5,Ohio State,109.2,30.8,A,c,25.4,11.8,0,0.18
Michigan State,81.8,15.3,Western Michigan,58.3,2.3,H,,-24.5,-15.5,1,0.88
Michigan State,81.8,15.3,Akron,53.4,-21.2,H,,-29.4,-39,1,1
Michigan State,81.8,15.3,Washington,83.3,4.1,A,,4,-8.7,0.38,0.74
Michigan State,81.8,15.3,Minnesota,80.6,14.6,H,c,-2.2,-3.2,0.53,0.57
Michigan State,81.8,15.3,Maryland,75.3,10,A,c,-4.4,-2.8,0.63,0.57
Michigan State,81.8,15.3,Ohio State,109.2,30.8,H,c,26.3,13,0,0.17
Michigan State,81.8,15.3,Wisconsin,84.3,17.7,H,c,1.4,-0.1,0.48,0.5
Michigan State,81.8,15.3,Michigan,86.2,21.5,A,c,7.3,8.7,0.26,0.25
Michigan State,81.8,15.3,Illinois,67.8,-2.2,A,c,-11.9,-15,0.82,0.88
Michigan State,81.8,15.3,Rutgers,71.8,-0.3,H,c,-11,-18.1,0.8,0.95
Michigan State,81.8,15.3,Indiana,63.5,-0.5,H,c,-19.3,-18.3,0.98,0.96
Michigan State,81.8,15.3,Penn State,85.7,15.9,A,c,6.5,3.1,0.32,0.43
Middle Tennessee,65.3,-8.4,James Madison,71,0.5,A,,8.2,11.4,0.26,0.19
Middle Tennessee,65.3,-8.4,Colorado State,56.6,-3.8,A,,-5.4,7.1,0.65,0.3
Middle Tennessee,65.3,-8.4,Tennessee State,36.5,-34,H,,-31.5,-28.1,1,1
Middle Tennessee,65.3,-8.4,Miami,91.9,14.6,A,,29.4,25.5,0,0
Middle Tennessee,65.3,-8.4,UT San Antonio,56.7,5,H,c,-11.3,10.9,0.81,0.2
Middle Tennessee,65.3,-8.4,Western Kentucky,65.9,-6.4,H,c,-2.1,-0.5,0.53,0.5
Middle Tennessee,65.3,-8.4,Florida International,41.7,-19,A,c,-21.5,-8.1,1,0.74
Middle Tennessee,65.3,-8.4,Charlotte,56.2,-11,H,c,-11.8,-5.1,0.82,0.64
Middle Tennessee,65.3,-8.4,Florida Atlantic,57.5,-7,H,c,-10.5,-1.1,0.79,0.51
Minnesota,80.6,14.6,New Mexico State,40.4,-26.2,H,,-43.2,-43.3,1,1
Minnesota,80.6,14.6,Western Illinois,45,-25.5,H,,-38.6,-42.6,1,1
Minnesota,80.6,14.6,Colorado,68.5,-7.8,H,,-15.1,-24.9,0.88,1
Minnesota,80.6,14.6,Michigan State,81.8,15.3,A,c,2.2,3.2,0.47,0.43
Minnesota,80.6,14.6,Purdue,80.1,12.8,H,c,-3.5,-4.3,0.61,0.63
Minnesota,80.6,14.6,Illinois,67.8,-2.2,A,c,-10.7,-14.3,0.79,0.87
Minnesota,80.6,14.6,Penn State,85.7,15.9,A,c,7.7,3.8,0.26,0.38
Minnesota,80.6,14.6,Rutgers,71.8,-0.3,H,c,-11.8,-17.4,0.82,0.94
Minnesota,80.6,14.6,Nebraska,83.9,11.7,A,c,4.6,-0.4,0.37,0.5
Minnesota,80.6,14.6,Northwestern,71.3,-4.2,H,c,-12.3,-21.3,0.83,1
Minnesota,80.6,14.6,Iowa,87.7,13.1,H,c,4,-4,0.38,0.62
Minnesota,80.6,14.6,Wisconsin,84.3,17.7,A,c,6,5.6,0.34,0.35
Mississippi State,78.6,16.8,Memphis,69.3,4,H,,-12.6,-15.3,0.83,0.88
Mississippi State,78.6,16.8,Arizona,70.9,-6.6,A,,-5.7,-20.9,0.65,1
Mississippi State,78.6,16.8,LSU,74.2,8,A,c,-1.8,-6.3,0.53,0.68
Mississippi State,78.6,16.8,Bowling Green,55.5,-7.4,H,,-26.4,-26.7,1,1
Mississippi State,78.6,16.8,Texas A&M,88.8,20.1,H,c,6.8,0.8,0.3,0.49
Mississippi State,78.6,16.8,Arkansas,82.6,12.8,H,c,0.6,-6.5,0.5,0.68
Mississippi State,78.6,16.8,Kentucky,81.4,14.5,A,c,5.1,0.1,0.36,0.5
Mississippi State,78.6,16.8,Alabama,107.2,27.4,A,c,31.4,13.1,0,0.17
Mississippi State,78.6,16.8,Auburn,77.4,13.2,H,c,-4.5,-6.1,0.63,0.67
Mississippi State,78.6,16.8,Georgia,92,28.7,H,c,10,9.4,0.22,0.23
Mississippi State,78.6,16.8,ETSU,56.5,-14,H,,-25.4,-33.3,1,1
Mississippi State,78.6,16.8,Ole Miss,74.8,14.4,A,c,-1.5,0,0.52,0.5
Missouri,61,5.3,Louisiana Tech,65,-12.1,H,,0.8,-19.9,0.49,0.99
Missouri,61,5.3,Kansas State,76.6,9.9,A,,19,7.1,0.03,0.3
Missouri,61,5.3,Abilene Christian,43,-27.5,H,,-21.1,-35.3,1,1
Missouri,61,5.3,Auburn,77.4,13.2,A,c,19.2,10.4,0.03,0.21
Missouri,61,5.3,Georgia,92,28.7,H,c,27.8,20.9,0,0.01
Missouri,61,5.3,Florida,84.1,15,A,c,25.5,12.2,0,0.18
Missouri,61,5.3,Vanderbilt,55.2,-12.1,H,c,-8.9,-19.9,0.75,0.99
Missouri,61,5.3,South Carolina,63.7,7.2,A,c,5,4.4,0.36,0.37
Missouri,61,5.3,Kentucky,81.4,14.5,H,c,17.2,6.7,0.07,0.32
Missouri,61,5.3,Tennessee,80.8,18.7,A,c,21.2,15.9,0,0.11
Missouri,61,5.3,New Mexico State,40.4,-26.2,H,,-23.7,-34,1,1
Missouri,61,5.3,Arkansas,82.6,12.8,H,c,18.4,5,0.04,0.36
Navy,65,-12.7,Delaware,47,-23.5,H,,-21.2,-13.3,1,0.84
Navy,65,-12.7,Memphis,69.3,4,H,,1,14.2,0.49,0.15
Navy,65,-12.7,East Carolina,74.2,-1.8,A,c,11.1,13.4,0.2,0.16
Navy,65,-12.7,Air Force,76.5,3,A,c,14.1,18.2,0.15,0.05
Navy,65,-12.7,Tulsa,63.3,-1.9,H,c,-4.9,8.3,0.64,0.25
Navy,65,-12.7,SMU,77.6,10.5,A,c,15.6,25.7,0.12,0
Navy,65,-12.7,Houston,81.1,11.5,H,c,12.8,21.7,0.17,0
Navy,65,-12.7,Temple,49.3,-14.9,H,c,-18.9,-4.7,0.97,0.63
Navy,65,-12.7,Cincinnati,87.1,17.2,A,c,24.9,32.4,0,0
Navy,65,-12.7,Notre Dame,82.2,19,N,,17.2,29.2,0.07,0
Navy,65,-12.7,UCF,77.6,11,A,c,15.6,26.2,0.12,0
Navy,65,-12.7,Army,66.2,-0.8,N,,1.1,9.4,0.49,0.23
NC State,92.1,16,East Carolina,74.2,-1.8,A,,-15.9,-15.3,0.89,0.88
NC State,92.1,16,Charleston Southern,43.5,-27,H,,-51.2,-45.5,1,1
NC State,92.1,16,Texas Tech,72.4,6.4,H,,-22.3,-12.1,1,0.82
NC State,92.1,16,Connecticut,51.2,-20.6,H,,-43.5,-39.1,1,1
NC State,92.1,16,Clemson,96.7,21,A,c,7.1,7.5,0.3,0.26
NC State,92.1,16,Florida State,87,13.4,H,c,-7.7,-5.1,0.73,0.64
NC State,92.1,16,Syracuse,76.8,4.5,A,c,-12.8,-9,0.83,0.75
NC State,92.1,16,Virginia Tech,84.2,4.3,H,c,-10.5,-14.2,0.79,0.85
NC State,92.1,16,Wake Forest,79,7.4,H,c,-15.7,-11.1,0.88,0.8
NC State,92.1,16,Boston College,73.9,0,H,c,-20.8,-18.5,1,0.96
NC State,92.1,16,Louisville,83.9,12.7,A,c,-6.4,-0.8,0.68,0.51
NC State,92.1,16,North Carolina,82.2,10.1,A,c,-6.7,-3.4,0.68,0.61
Nebraska,83.9,11.7,Northwestern,71.3,-4.2,N,c,-12.6,-18.4,0.83,0.96
Nebraska,83.9,11.7,North Dakota,59,-11.5,H,,-26.2,-25.7,1,1
Nebraska,83.9,11.7,Georgia Southern,59.1,-8.8,H,,-26.1,-23,1,1
Nebraska,83.9,11.7,Oklahoma,81.6,19.2,H,,-3.6,5,0.61,0.36
Nebraska,83.9,11.7,Indiana,63.5,-0.5,H,c,-21.7,-14.7,1,0.87
Nebraska,83.9,11.7,Rutgers,71.8,-0.3,A,c,-9.9,-9.5,0.77,0.76
Nebraska,83.9,11.7,Purdue,80.1,12.8,A,c,-1.9,3.6,0.53,0.39
Nebraska,83.9,11.7,Illinois,67.8,-2.2,H,c,-17.4,-16.4,0.94,0.89
Nebraska,83.9,11.7,Minnesota,80.6,14.6,H,c,-4.6,0.4,0.63,0.5
Nebraska,83.9,11.7,Michigan,86.2,21.5,A,c,5.2,12.3,0.36,0.18
Nebraska,83.9,11.7,Wisconsin,84.3,17.7,H,c,-0.9,3.5,0.51,0.39
Nebraska,83.9,11.7,Iowa,87.7,13.1,A,c,6,3.9,0.34,0.38
Nevada,61,-15.5,New Mexico State,40.4,-26.2,A,,-18.5,-8.2,0.96,0.74
Nevada,61,-15.5,Texas State,64.2,-14.3,H,,0.2,-1.3,0.5,0.52
Nevada,61,-15.5,Incarnate Word,57.5,-13,H,,-6.4,0,0.68,0.5
Nevada,61,-15.5,Iowa,87.7,13.1,A,,28.9,31.1,0,0
Nevada,61,-15.5,Air Force,76.5,3,A,c,18.1,21,0.05,0
Nevada,61,-15.5,Hawai'i,53.9,-16.5,A,c,-5.8,1.5,0.67,0.48
Nevada,61,-15.5,Boise State,71.9,8.5,H,c,7.9,21.5,0.26,0
Nevada,61,-15.5,Colorado State,56.6,-3.8,H,c,-7.3,9.2,0.72,0.24
Nevada,61,-15.5,Fresno State,72.4,10.5,H,c,8.4,23.5,0.25,0
Nevada,61,-15.5,San Diego State,62.3,1.8,H,c,-1.6,14.8,0.52,0.13
Nevada,61,-15.5,San Jose State,71.5,-6.3,A,c,13.4,11.7,0.16,0.19
Nevada,61,-15.5,UNLV,58.8,-10,A,c,-0.2,8,0.5,0.26
New Mexico,40,-19.3,Maine,45.5,-25,H,,4.1,-8.2,0.38,0.74
New Mexico,40,-19.3,UTEP,58,-7.9,H,,16.6,8.9,0.1,0.24
New Mexico,40,-19.3,LSU,74.2,8,A,,36.7,29.8,0,0
New Mexico,40,-19.3,New Mexico State,40.4,-26.2,A,,2.4,-4.4,0.46,0.63
New Mexico,40,-19.3,Air Force,76.5,3,A,c,39.1,24.8,0,0
New Mexico,40,-19.3,Colorado State,56.6,-3.8,A,c,19.8,18,0.01,0.05
New Mexico,40,-19.3,Boise State,71.9,8.5,H,c,30.5,25.3,0,0
New Mexico,40,-19.3,Fresno State,72.4,10.5,H,c,31,27.3,0,0
New Mexico,40,-19.3,San Diego State,62.3,1.8,H,c,20.9,18.6,0.01,0.04
New Mexico,40,-19.3,Wyoming,61.9,-3.4,H,c,20.5,13.4,0.01,0.16
New Mexico,40,-19.3,UNLV,58.8,-10,A,c,20.7,11.8,0.01,0.18
New Mexico,40,-19.3,Utah State,62,-4.6,A,c,25.1,17.2,0,0.07
New Mexico State,40.4,-26.2,Nevada,61,-15.5,H,,18.5,8.2,0.04,0.26
New Mexico State,40.4,-26.2,Minnesota,80.6,14.6,A,,43.2,43.3,0,0
New Mexico State,40.4,-26.2,UTEP,58,-7.9,A,,18.8,20.8,0.03,0.01
New Mexico State,40.4,-26.2,Wisconsin,84.3,17.7,A,,46.2,46.4,0,0
New Mexico State,40.4,-26.2,Hawai'i,53.9,-16.5,H,,11.4,7.2,0.19,0.3
New Mexico State,40.4,-26.2,Florida International,41.7,-19,H,,-0.7,4.7,0.5,0.37
New Mexico State,40.4,-26.2,New Mexico,40,-19.3,H,,-2.4,4.4,0.54,0.37
New Mexico State,40.4,-26.2,San Jose State,71.5,-6.3,H,,29,17.4,0,0.06
New Mexico State,40.4,-26.2,UMass,47.1,-20.7,A,,8.6,8,0.25,0.26
New Mexico State,40.4,-26.2,Lamar,30,-40.5,H,,-12.4,-16.8,0.83,0.91
New Mexico State,40.4,-26.2,Missouri,61,5.3,A,,23.7,34,0,0
New Mexico State,40.4,-26.2,Liberty,71.8,1.5,A,,34.7,30.2,0,0
North Carolina,82.2,10.1,Florida A&M,46,-24.5,H,,-39.3,-37.1,1,1
North Carolina,82.2,10.1,Appalachian State,75.2,4.2,A,,-5.1,-3.4,0.64,0.61
North Carolina,82.2,10.1,Georgia State,67.9,0.1,A,,-12.1,-7.5,0.82,0.72
North Carolina,82.2,10.1,Notre Dame,82.2,19,H,,-3.1,6.4,0.57,0.32
North Carolina,82.2,10.1,Virginia Tech,84.2,4.3,H,c,-1.1,-8.3,0.51,0.74
North Carolina,82.2,10.1,Miami,91.9,14.6,A,c,12.5,7,0.18,0.3
North Carolina,82.2,10.1,Duke,54.6,-13.7,A,c,-25,-21.3,1,1
North Carolina,82.2,10.1,Pittsburgh,90.9,16.2,H,c,5.5,3.6,0.35,0.39
North Carolina,82.2,10.1,Virginia,76.5,3.3,A,c,-2.6,-4.3,0.54,0.63
North Carolina,82.2,10.1,Wake Forest,79,7.4,A,c,-0.2,-0.1,0.5,0.5
North Carolina,82.2,10.1,Georgia Tech,71.1,-4.7,H,c,-14.2,-17.3,0.85,0.94
North Carolina,82.2,10.1,NC State,92.1,16,H,c,6.7,3.4,0.32,0.39
North Texas,61,-3,SMU,77.6,10.5,H,,14.2,11,0.15,0.2
North Texas,61,-3,Texas Southern,28,-42.5,H,,-35.3,-42,1,1
North Texas,61,-3,UNLV,58.8,-10,A,,-0.2,-4.5,0.5,0.63
North Texas,61,-3,Memphis,69.3,4,A,,11.4,9.5,0.19,0.23
North Texas,61,-3,Rice,51.7,-19.2,H,c,-11.6,-18.7,0.81,0.96
North Texas,61,-3,UAB,71.1,4.8,A,c,13.8,10.3,0.15,0.21
North Texas,61,-3,Florida International,41.7,-19,H,c,-21.6,-18.5,1,0.96
North Texas,61,-3,UT San Antonio,56.7,5,A,c,-2.6,10.5,0.54,0.21
North Texas,61,-3,Louisiana Tech,65,-12.1,H,c,1.6,-11.6,0.48,0.81
North Texas,61,-3,UTEP,58,-7.9,A,c,-1.7,-2.4,0.52,0.54
Northern Illinois,69.4,-4.1,Eastern Illinois,30.5,-40,H,,-40.8,-38.4,1,1
Northern Illinois,69.4,-4.1,Tulsa,63.3,-1.9,A,,-4.5,4.7,0.63,0.37
Northern Illinois,69.4,-4.1,Vanderbilt,55.2,-12.1,H,,-16.1,-10.5,0.89,0.79
Northern Illinois,69.4,-4.1,Kentucky,81.4,14.5,A,,14.3,21.1,0.14,0
Northern Illinois,69.4,-4.1,Ball State,52.4,-18.9,A,c,-15.4,-12.3,0.88,0.83
Northern Illinois,69.4,-4.1,Toledo,79.8,6,H,c,8.4,7.6,0.25,0.26
Northern Illinois,69.4,-4.1,Eastern Michigan,66.3,-12,A,c,-1.8,-5.4,0.53,0.65
Northern Illinois,69.4,-4.1,Ohio,54.2,-10.1,A,c,-12.9,-3.5,0.83,0.61
Northern Illinois,69.4,-4.1,Central Michigan,66.9,-4,H,c,-4.4,-2.4,0.63,0.54
Northern Illinois,69.4,-4.1,Western Michigan,58.3,2.3,A,c,-8.3,8.9,0.74,0.24
Northern Illinois,69.4,-4.1,Miami (OH),67.4,-1.7,H,c,-3.9,-0.1,0.62,0.5
Northern Illinois,69.4,-4.1,Akron,53.4,-21.2,H,c,-17.9,-19.6,0.95,0.98
Northwestern,71.3,-4.2,Nebraska,83.9,11.7,N,c,12.6,13.4,0.18,0.16
Northwestern,71.3,-4.2,Duke,54.6,-13.7,H,,-18.5,-12,0.96,0.82
Northwestern,71.3,-4.2,Southern Illinois,61,-9.5,H,,-12.1,-7.8,0.82,0.74
Northwestern,71.3,-4.2,Miami (OH),67.4,-1.7,H,,-5.7,0,0.65,0.5
Northwestern,71.3,-4.2,Penn State,85.7,15.9,A,c,17,22.6,0.08,0
Northwestern,71.3,-4.2,Wisconsin,84.3,17.7,H,c,11.1,19.4,0.2,0.02
Northwestern,71.3,-4.2,Maryland,75.3,10,A,c,6,16.7,0.34,0.09
Northwestern,71.3,-4.2,Iowa,87.7,13.1,A,c,18.6,19.8,0.04,0.01
Northwestern,71.3,-4.2,Ohio State,109.2,30.8,H,c,36,32.5,0,0
Northwestern,71.3,-4.2,Minnesota,80.6,14.6,A,c,12.3,21.3,0.18,0
Northwestern,71.3,-4.2,Purdue,80.1,12.8,A,c,10.6,19.5,0.21,0.02
Northwestern,71.3,-4.2,Illinois,67.8,-2.2,H,c,-5.3,-0.5,0.65,0.5
Notre Dame,82.2,19,Ohio State,109.2,30.8,A,,29.4,14.3,0,0.14
Notre Dame,82.2,19,Marshall,70.3,4.8,H,,-14.5,-16.7,0.87,0.89
Notre Dame,82.2,19,California,68.9,0.2,H,,-15.9,-21.3,0.89,1
Notre Dame,82.2,19,North Carolina,82.2,10.1,A,,3.1,-6.4,0.43,0.68
Notre Dame,82.2,19,BYU,90.4,14.1,N,,8.1,-7.4,0.26,0.72
Notre Dame,82.2,19,Stanford,70,1.7,H,,-14.8,-19.8,0.88,0.99
Notre Dame,82.2,19,UNLV,58.8,-10,H,,-26,-31.5,1,1
Notre Dame,82.2,19,Syracuse,76.8,4.5,A,,-2.9,-12,0.57,0.82
Notre Dame,82.2,19,Clemson,96.7,21,H,,11.8,-0.5,0.18,0.5
Notre Dame,82.2,19,Navy,65,-12.7,N,,-17.2,-34.2,0.91,1
Notre Dame,82.2,19,Boston College,73.9,0,H,,-10.9,-21.5,0.8,1
Notre Dame,82.2,19,USC,75.3,3.1,A,,-4.1,-13.4,0.62,0.84
Ohio,54.2,-10.1,Florida Atlantic,57.5,-7,H,,1,0.6,0.49,0.5
Ohio,54.2,-10.1,Penn State,85.7,15.9,A,,34.1,28.5,0,0
Ohio,54.2,-10.1,Iowa State,76.7,5.8,A,,25.3,18.4,0,0.04
Ohio,54.2,-10.1,Fordham,40,-30.5,H,,-16.4,-22.9,0.89,1
Ohio,54.2,-10.1,Kent State,53.2,-10,A,c,1.4,2.6,0.48,0.46
Ohio,54.2,-10.1,Akron,53.4,-21.2,H,c,-3,-13.6,0.57,0.84
Ohio,54.2,-10.1,Western Michigan,58.3,2.3,A,c,6.8,14.9,0.3,0.13
Ohio,54.2,-10.1,Northern Illinois,69.4,-4.1,H,c,12.9,3.5,0.17,0.39
Ohio,54.2,-10.1,Buffalo,56.1,-9.3,H,c,-0.3,-1.7,0.5,0.52
Ohio,54.2,-10.1,Miami (OH),67.4,-1.7,A,c,15.8,10.9,0.11,0.2
Ohio,54.2,-10.1,Ball State,52.4,-18.9,A,c,-0.2,-6.3,0.5,0.68
Ohio,54.2,-10.1,Bowling Green,55.5,-7.4,H,c,-0.9,0.1,0.51,0.5
Ohio State,109.2,30.8,Notre Dame,82.2,19,H,,-29.4,-14.3,1,0.87
Ohio State,109.2,30.8,Arkansas State,54.8,-15.7,H,,-56.8,-49,1,1
Ohio State,109.2,30.8,Toledo,79.8,6,H,,-31.8,-27.3,1,1
Ohio State,109.2,30.8,Wisconsin,84.3,17.7,H,c,-27.3,-15.6,1,0.88
Ohio State,109.2,30.8,Rutgers,71.8,-0.3,H,c,-39.8,-33.6,1,1
Ohio State,109.2,30.8,Michigan State,81.8,15.3,A,c,-26.3,-13,1,0.83
Ohio State,109.2,30.8,Iowa,87.7,13.1,H,c,-23.9,-20.2,1,0.99
Ohio State,109.2,30.8,Penn State,85.7,15.9,A,c,-20.8,-12.4,1,0.83
Ohio State,109.2,30.8,Northwestern,71.3,-4.2,A,c,-36,-32.5,1,1
Ohio State,109.2,30.8,Indiana,63.5,-0.5,H,c,-48.1,-33.8,1,1
Ohio State,109.2,30.8,Maryland,75.3,10,A,c,-31.8,-18.3,1,0.96
Ohio State,109.2,30.8,Michigan,86.2,21.5,H,c,-25.4,-11.8,1,0.82
Oklahoma,81.6,19.2,UTEP,58,-7.9,H,,-26.5,-29.6,1,1
Oklahoma,81.6,19.2,Kent State,53.2,-10,H,,-31.3,-31.7,1,1
Oklahoma,81.6,19.2,Nebraska,83.9,11.7,A,,3.6,-5,0.39,0.64
Oklahoma,81.6,19.2,Kansas State,76.6,9.9,H,c,-7.9,-11.8,0.74,0.82
Oklahoma,81.6,19.2,TCU,84.2,7.3,A,c,4.3,-9.4,0.37,0.76
Oklahoma,81.6,19.2,Texas,84.8,12.3,N,c,3.1,-9.4,0.43,0.76
Oklahoma,81.6,19.2,Kansas,64,-12.2,H,c,-20.5,-33.9,0.99,1
Oklahoma,81.6,19.2,Iowa State,76.7,5.8,A,c,-2,-10.9,0.53,0.8
Oklahoma,81.6,19.2,Baylor,76.2,12.6,H,c,-8.3,-9.1,0.74,0.75
Oklahoma,81.6,19.2,West Virginia,69.3,5.6,A,c,-9.5,-11.1,0.76,0.8
Oklahoma,81.6,19.2,Oklahoma State,82.4,11.4,H,c,-2.1,-10.3,0.53,0.79
Oklahoma,81.6,19.2,Texas Tech,72.4,6.4,A,c,-5.9,-10.3,0.67,0.79
Oklahoma State,82.4,11.4,Central Michigan,66.9,-4,H,,-18.6,-17.9,0.96,0.95
Oklahoma State,82.4,11.4,Arizona State,81.3,12.4,H,,-4.2,-1.5,0.62,0.52
Oklahoma State,82.4,11.4,UAPB,24,-46.5,H,,-61.5,-60.4,1,1
Oklahoma State,82.4,11.4,Baylor,76.2,12.6,A,c,-3.2,3.7,0.57,0.39
Oklahoma State,82.4,11.4,Texas Tech,72.4,6.4,H,c,-13.1,-7.5,0.83,0.72
Oklahoma State,82.4,11.4,TCU,84.2,7.3,A,c,3.5,-1.6,0.39,0.52
Oklahoma State,82.4,11.4,Texas,84.8,12.3,H,c,-0.7,-1.6,0.5,0.52
Oklahoma State,82.4,11.4,Kansas State,76.6,9.9,A,c,-2.3,1,0.54,0.49
Oklahoma State,82.4,11.4,Kansas,64,-12.2,A,c,-16.9,-21.1,0.91,1
Oklahoma State,82.4,11.4,Iowa State,76.7,5.8,H,c,-8.8,-8.1,0.75,0.74
Oklahoma State,82.4,11.4,Oklahoma,81.6,19.2,A,c,2.1,10.3,0.47,0.21
Oklahoma State,82.4,11.4,West Virginia,69.3,5.6,H,c,-16.2,-8.3,0.89,0.74
Old Dominion,63.1,-6,Virginia Tech,84.2,4.3,H,,20.2,7.8,0.01,0.26
Old Dominion,63.1,-6,East Carolina,74.2,-1.8,A,,13,6.7,0.17,0.32
Old Dominion,63.1,-6,Virginia,76.5,3.3,A,,16.4,11.8,0.1,0.18
Old Dominion,63.1,-6,Arkansas State,54.8,-15.7,H,c,-9.1,-12.2,0.75,0.82
Old Dominion,63.1,-6,Liberty,71.8,1.5,H,,7.8,5,0.26,0.36
Old Dominion,63.1,-6,Coastal Carolina,70.5,0.6,A,c,9,9.1,0.24,0.24
Old Dominion,63.1,-6,Georgia Southern,59.1,-8.8,H,c,-4.8,-5.3,0.64,0.65
Old Dominion,63.1,-6,Georgia State,67.9,0.1,A,c,6.9,8.6,0.3,0.25
Old Dominion,63.1,-6,Marshall,70.3,4.8,H,c,6.3,8.3,0.32,0.25
Old Dominion,63.1,-6,James Madison,71,0.5,H,c,7,4,0.3,0.38
Old Dominion,63.1,-6,Appalachian State,75.2,4.2,A,c,13.9,12.7,0.15,0.18
Old Dominion,63.1,-6,South Alabama,63,-9.6,A,c,1.8,-1.1,0.47,0.51
Ole Miss,74.8,14.4,Troy,75.7,-4.9,H,,-1.3,-21.8,0.52,1
Ole Miss,74.8,14.4,Central Arkansas,49,-21.5,H,,-28,-38.4,1,1
Ole Miss,74.8,14.4,Georgia Tech,71.1,-4.7,A,,-1.6,-16.6,0.52,0.89
Ole Miss,74.8,14.4,Tulsa,63.3,-1.9,H,,-13.7,-18.8,0.84,0.97
Ole Miss,74.8,14.4,Kentucky,81.4,14.5,H,c,4.3,-2.4,0.37,0.54
Ole Miss,74.8,14.4,Vanderbilt,55.2,-12.1,A,c,-17.2,-24,0.91,1
Ole Miss,74.8,14.4,Auburn,77.4,13.2,H,c,0.3,-3.7,0.5,0.61
Ole Miss,74.8,14.4,LSU,74.2,8,A,c,1.9,-3.9,0.47,0.62
Ole Miss,74.8,14.4,Texas A&M,88.8,20.1,A,c,16.3,8.2,0.1,0.26
Ole Miss,74.8,14.4,Alabama,107.2,27.4,H,c,30.1,10.5,0,0.21
Ole Miss,74.8,14.4,Arkansas,82.6,12.8,A,c,10.7,0.9,0.21,0.49
Ole Miss,74.8,14.4,Mississippi State,78.6,16.8,H,c,1.5,0,0.48,0.5
Oregon,83.8,12.3,Georgia,92,28.7,N,,8.1,13.9,0.26,0.15
Oregon,83.8,12.3,Eastern Washington,65,-5.5,H,,-20.4,-20.3,0.99,0.99
Oregon,83.8,12.3,BYU,90.4,14.1,H,,4.9,-0.7,0.36,0.5
Oregon,83.8,12.3,Washington State,69.2,1.2,A,c,-11.4,-8.6,0.81,0.74
Oregon,83.8,12.3,Stanford,70,1.7,H,c,-15.4,-13.1,0.88,0.83
Oregon,83.8,12.3,Arizona,70.9,-6.6,A,c,-10.9,-16.4,0.8,0.89
Oregon,83.8,12.3,UCLA,78.4,8.4,H,c,-7,-6.4,0.7,0.68
Oregon,83.8,12.3,California,68.9,0.2,A,c,-13.2,-9.6,0.83,0.76
Oregon,83.8,12.3,Colorado,68.5,-7.8,A,c,-12.9,-17.6,0.83,0.94
Oregon,83.8,12.3,Washington,83.3,4.1,H,c,-2.1,-10.7,0.53,0.79
Oregon,83.8,12.3,Utah,91.4,16.2,H,c,5.9,1.4,0.34,0.48
Oregon,83.8,12.3,Oregon State,75.5,8,A,c,-6.8,-1.8,0.7,0.53
Oregon State,75.5,8,Boise State,71.9,8.5,H,,-5,-2,0.64,0.53
Oregon State,75.5,8,Fresno State,72.4,10.5,A,,-0.3,5,0.5,0.36
Oregon State,75.5,8,Montana State,65,-5.5,H,,-11.9,-16,0.82,0.89
Oregon State,75.5,8,USC,75.3,3.1,H,c,-1.6,-7.4,0.52,0.72
Oregon State,75.5,8,Utah,91.4,16.2,A,c,18.9,10.7,0.03,0.21
Oregon State,75.5,8,Stanford,70,1.7,A,c,-2.7,-3.8,0.54,0.62
Oregon State,75.5,8,Washington State,69.2,1.2,H,c,-7.7,-9.3,0.73,0.76
Oregon State,75.5,8,Colorado,68.5,-7.8,H,c,-8.4,-18.3,0.74,0.96
Oregon State,75.5,8,Washington,83.3,4.1,A,c,10.3,-1.4,0.21,0.52
Oregon State,75.5,8,California,68.9,0.2,H,c,-8,-10.3,0.74,0.79
Oregon State,75.5,8,Arizona State,81.3,12.4,A,c,8.4,6.9,0.25,0.3
Oregon State,75.5,8,Oregon,83.8,12.3,H,c,6.8,1.8,0.3,0.47
Penn State,85.7,15.9,Purdue,80.1,12.8,A,c,-3.7,-0.6,0.61,0.5
Penn State,85.7,15.9,Ohio,54.2,-10.1,H,,-34.1,-28.5,1,1
Penn State,85.7,15.9,Auburn,77.4,13.2,A,,-5.4,-0.2,0.65,0.5
Penn State,85.7,15.9,Central Michigan,66.9,-4,H,,-21.4,-22.4,1,1
Penn State,85.7,15.9,Northwestern,71.3,-4.2,H,c,-17,-22.6,0.91,1
Penn State,85.7,15.9,Michigan,86.2,21.5,A,c,3.4,8.1,0.39,0.26
Penn State,85.7,15.9,Minnesota,80.6,14.6,H,c,-7.7,-3.8,0.73,0.62
Penn State,85.7,15.9,Ohio State,109.2,30.8,H,c,20.8,12.4,0.01,0.18
Penn State,85.7,15.9,Indiana,63.5,-0.5,A,c,-19.3,-13.9,0.98,0.85
Penn State,85.7,15.9,Maryland,75.3,10,H,c,-13,-8.4,0.83,0.74
Penn State,85.7,15.9,Rutgers,71.8,-0.3,A,c,-11.7,-13.7,0.81,0.84
Penn State,85.7,15.9,Michigan State,81.8,15.3,H,c,-6.5,-3.1,0.68,0.57
Pittsburgh,90.9,16.2,West Virginia,69.3,5.6,H,,-23.7,-13.1,1,0.83
Pittsburgh,90.9,16.2,Tennessee,80.8,18.7,H,,-12.2,0,0.82,0.5
Pittsburgh,90.9,16.2,Western Michigan,58.3,2.3,A,,-29.8,-11.4,1,0.81
Pittsburgh,90.9,16.2,Rhode Island,44.5,-26,H,,-48.5,-44.7,1,1
Pittsburgh,90.9,16.2,Georgia Tech,71.1,-4.7,H,c,-21.9,-23.4,1,1
Pittsburgh,90.9,16.2,Virginia Tech,84.2,4.3,H,c,-8.8,-14.4,0.75,0.87
Pittsburgh,90.9,16.2,Louisville,83.9,12.7,A,c,-5.2,-1,0.64,0.51
Pittsburgh,90.9,16.2,North Carolina,82.2,10.1,A,c,-5.5,-3.6,0.65,0.61
Pittsburgh,90.9,16.2,Syracuse,76.8,4.5,H,c,-16.2,-14.2,0.89,0.85
Pittsburgh,90.9,16.2,Virginia,76.5,3.3,A,c,-11.3,-10.4,0.81,0.79
Pittsburgh,90.9,16.2,Duke,54.6,-13.7,H,c,-38.4,-32.4,1,1
Pittsburgh,90.9,16.2,Miami,91.9,14.6,A,c,3.8,0.9,0.38,0.49
Purdue,80.1,12.8,Penn State,85.7,15.9,H,c,3.7,0.6,0.39,0.5
Purdue,80.1,12.8,Indiana State,47,-23.5,H,,-34.9,-38.8,1,1
Purdue,80.1,12.8,Syracuse,76.8,4.5,A,,-0.8,-5.8,0.51,0.67
Purdue,80.1,12.8,Florida Atlantic,57.5,-7,H,,-24.4,-22.3,1,1
Purdue,80.1,12.8,Minnesota,80.6,14.6,A,c,3.5,4.3,0.39,0.37
Purdue,80.1,12.8,Maryland,75.3,10,A,c,-2.7,-0.3,0.54,0.5
Purdue,80.1,12.8,Nebraska,83.9,11.7,H,c,1.9,-3.6,0.47,0.61
Purdue,80.1,12.8,Wisconsin,84.3,17.7,A,c,6.5,7.4,0.32,0.26
Purdue,80.1,12.8,Iowa,87.7,13.1,H,c,5.7,-2.2,0.35,0.53
Purdue,80.1,12.8,Illinois,67.8,-2.2,A,c,-10.2,-12.5,0.77,0.83
Purdue,80.1,12.8,Northwestern,71.3,-4.2,H,c,-10.6,-19.5,0.79,0.98
Purdue,80.1,12.8,Indiana,63.5,-0.5,A,c,-13.7,-10.8,0.84,0.8
Rice,51.7,-19.2,USC,75.3,3.1,A,,26.3,24.8,0,0
Rice,51.7,-19.2,McNeese,47,-23.5,H,,-7.4,-6.8,0.72,0.7
Rice,51.7,-19.2,Louisiana,64.9,0.7,H,,10.4,17.4,0.21,0.06
Rice,51.7,-19.2,Houston,81.1,11.5,A,,31.8,33.2,0,0
Rice,51.7,-19.2,North Texas,61,-3,A,c,11.6,18.7,0.19,0.04
Rice,51.7,-19.2,Charlotte,56.2,-11,H,c,1.7,5.7,0.48,0.35
Rice,51.7,-19.2,UAB,71.1,4.8,H,c,16.6,21.5,0.1,0
Rice,51.7,-19.2,Western Kentucky,65.9,-6.4,A,c,16.4,15.3,0.1,0.12
Rice,51.7,-19.2,UTEP,58,-7.9,H,c,3.5,8.8,0.39,0.24
Rice,51.7,-19.2,Louisiana Tech,65,-12.1,A,c,15.5,9.6,0.12,0.23
Rice,51.7,-19.2,UT San Antonio,56.7,5,H,c,2.2,21.7,0.47,0
Rutgers,71.8,-0.3,Boston College,73.9,0,A,,4.9,2.8,0.36,0.43
Rutgers,71.8,-0.3,Wagner,16.5,-54,H,,-57.4,-56.2,1,1
Rutgers,71.8,-0.3,Temple,49.3,-14.9,A,,-19.2,-12.1,0.97,0.82
Rutgers,71.8,-0.3,Iowa,87.7,13.1,H,c,13.7,10.9,0.16,0.2
Rutgers,71.8,-0.3,Ohio State,109.2,30.8,A,c,39.8,33.6,0,0
Rutgers,71.8,-0.3,Nebraska,83.9,11.7,H,c,9.9,9.5,0.22,0.23
Rutgers,71.8,-0.3,Indiana,63.5,-0.5,H,c,-10.4,-2.7,0.79,0.54
Rutgers,71.8,-0.3,Minnesota,80.6,14.6,A,c,11.8,17.4,0.18,0.06
Rutgers,71.8,-0.3,Michigan,86.2,21.5,H,c,12.2,19.3,0.18,0.02
Rutgers,71.8,-0.3,Michigan State,81.8,15.3,A,c,11,18.1,0.2,0.05
Rutgers,71.8,-0.3,Penn State,85.7,15.9,H,c,11.7,13.7,0.19,0.16
Rutgers,71.8,-0.3,Maryland,75.3,10,A,c,5.5,12.8,0.35,0.17
San Diego State,62.3,1.8,Arizona,70.9,-6.6,H,,6.4,-10.9,0.32,0.8
San Diego State,62.3,1.8,Idaho State,39,-31.5,H,,-25.4,-35.8,1,1
San Diego State,62.3,1.8,Utah,91.4,16.2,A,,32.1,16.9,0,0.08
San Diego State,62.3,1.8,Toledo,79.8,6,H,,15.3,1.7,0.12,0.48
San Diego State,62.3,1.8,Boise State,71.9,8.5,A,c,11.6,9.2,0.19,0.24
San Diego State,62.3,1.8,Fresno State,72.4,10.5,A,c,12.8,11.2,0.17,0.2
San Diego State,62.3,1.8,Nevada,61,-15.5,A,c,1.6,-14.8,0.48,0.88
San Diego State,62.3,1.8,New Mexico,40,-19.3,A,c,-20.9,-18.6,1,0.96
San Diego State,62.3,1.8,Air Force,76.5,3,H,c,12,-1.3,0.18,0.52
San Diego State,62.3,1.8,Hawai'i,53.9,-16.5,H,c,-10.5,-20.8,0.79,1
San Diego State,62.3,1.8,San Jose State,71.5,-6.3,H,c,7,-10.6,0.3,0.79
San Diego State,62.3,1.8,UNLV,58.8,-10,H,c,-5.6,-14.3,0.65,0.87
San Jose State,71.5,-6.3,Portland State,49.5,-21,H,,-24.9,-17.2,1,0.91
San Jose State,71.5,-6.3,Auburn,77.4,13.2,A,,8.7,22,0.25,0
San Jose State,71.5,-6.3,Western Michigan,58.3,2.3,H,,-16.1,6.1,0.89,0.34
San Jose State,71.5,-6.3,New Mexico State,40.4,-26.2,A,,-29,-17.4,1,0.94
San Jose State,71.5,-6.3,Fresno State,72.4,10.5,A,c,3.6,19.3,0.39,0.02
San Jose State,71.5,-6.3,San Diego State,62.3,1.8,A,c,-7,10.6,0.7,0.21
San Jose State,71.5,-6.3,Colorado State,56.6,-3.8,H,c,-17.8,0,0.95,0.5
San Jose State,71.5,-6.3,Hawai'i,53.9,-16.5,H,c,-20.5,-12.7,0.99,0.83
San Jose State,71.5,-6.3,Nevada,61,-15.5,H,c,-13.4,-11.7,0.84,0.81
San Jose State,71.5,-6.3,UNLV,58.8,-10,H,c,-15.6,-6.2,0.88,0.67
San Jose State,71.5,-6.3,Utah State,62,-4.6,A,c,-6.3,4.2,0.68,0.38
San Jose State,71.5,-6.3,Wyoming,61.9,-3.4,A,c,-7,5.4,0.7,0.35
SMU,77.6,10.5,North Texas,61,-3,A,,-14.2,-11,0.85,0.8
SMU,77.6,10.5,Lamar,30,-40.5,H,,-50.6,-53.5,1,1
SMU,77.6,10.5,Maryland,75.3,10,A,,-0.2,2,0.5,0.47
SMU,77.6,10.5,TCU,84.2,7.3,H,,3.5,-5.7,0.39,0.65
SMU,77.6,10.5,UCF,77.6,11,A,c,3,3,0.43,0.43
SMU,77.6,10.5,Navy,65,-12.7,H,c,-15.6,-25.7,0.88,1
SMU,77.6,10.5,Cincinnati,87.1,17.2,H,c,6.4,4.2,0.32,0.38
SMU,77.6,10.5,Tulsa,63.3,-1.9,A,c,-12.7,-9.9,0.83,0.77
SMU,77.6,10.5,Houston,81.1,11.5,H,c,0.4,-1.5,0.5,0.52
SMU,77.6,10.5,South Florida,61.9,-5.4,A,c,-14.1,-13.4,0.85,0.84
SMU,77.6,10.5,Tulane,76.4,0.9,A,c,2.7,-7.1,0.46,0.7
SMU,77.6,10.5,Memphis,69.3,4,H,c,-11.3,-9,0.81,0.75
South Alabama,63,-9.6,Nicholls,53.5,-17,H,,-11.4,-9.9,0.81,0.77
South Alabama,63,-9.6,Central Michigan,66.9,-4,A,,5.8,8.1,0.34,0.26
South Alabama,63,-9.6,UCLA,78.4,8.4,A,,17.1,20.5,0.08,0.01
South Alabama,63,-9.6,Louisiana Tech,65,-12.1,H,,0,-5,0.5,0.64
South Alabama,63,-9.6,Coastal Carolina,70.5,0.6,A,c,9.1,12.7,0.24,0.18
South Alabama,63,-9.6,Georgia State,67.9,0.1,A,c,7,12.2,0.3,0.18
South Alabama,63,-9.6,Arkansas State,54.8,-15.7,A,c,-4.9,-3.6,0.64,0.61
South Alabama,63,-9.6,Louisiana,64.9,0.7,A,c,4.3,12.8,0.37,0.17
South Alabama,63,-9.6,Texas State,64.2,-14.3,H,c,-0.7,-7.2,0.5,0.7
South Alabama,63,-9.6,Louisiana Monroe,51.3,-21.2,H,c,-13.6,-14.1,0.84,0.85
South Alabama,63,-9.6,Troy,75.7,-4.9,H,c,10.7,2.2,0.21,0.47
South Alabama,63,-9.6,Appalachian State,75.2,4.2,H,c,10.2,11.3,0.22,0.19
South Carolina,63.7,7.2,Georgia State,67.9,0.1,H,,1.8,-9.6,0.47,0.76
South Carolina,63.7,7.2,Arkansas,82.6,12.8,A,c,21.8,8.1,0,0.26
South Carolina,63.7,7.2,Georgia,92,28.7,H,c,25.9,19,0,0.03
South Carolina,63.7,7.2,Charlotte,56.2,-11,H,,-9.8,-20.7,0.77,0.99
South Carolina,63.7,7.2,SC State,41,-29.5,H,,-25,-39.2,1,1
South Carolina,63.7,7.2,Kentucky,81.4,14.5,A,c,20,9.8,0.01,0.22
South Carolina,63.7,7.2,Texas A&M,88.8,20.1,H,c,22.7,10.4,0,0.21
South Carolina,63.7,7.2,Missouri,61,5.3,H,c,-5,-4.4,0.64,0.63
South Carolina,63.7,7.2,Vanderbilt,55.2,-12.1,A,c,-6.1,-16.8,0.67,0.91
South Carolina,63.7,7.2,Florida,84.1,15,A,c,22.8,10.3,0,0.21
South Carolina,63.7,7.2,Tennessee,80.8,18.7,H,c,14.7,9,0.14,0.24
South Carolina,63.7,7.2,Clemson,96.7,21,A,,35.5,16.3,0,0.1
Southern Mississippi,61.4,-6.6,Liberty,71.8,1.5,H,,8.5,5.6,0.25,0.35
Southern Mississippi,61.4,-6.6,Miami,91.9,14.6,A,,33.3,23.7,0,0
Southern Mississippi,61.4,-6.6,Northwestern State,36,-34.5,H,,-27.3,-30.4,1,1
Southern Mississippi,61.4,-6.6,Tulane,76.4,0.9,A,,18.9,10,0.03,0.22
Southern Mississippi,61.4,-6.6,Louisiana Tech,65,-12.1,H,c,1.7,-8,0.48,0.74
Southern Mississippi,61.4,-6.6,UTEP,58,-7.9,A,c,-2.1,1.2,0.53,0.49
Southern Mississippi,61.4,-6.6,North Texas,61,-3,A,c,1.9,6.1,0.47,0.34
Southern Mississippi,61.4,-6.6,UT San Antonio,56.7,5,H,c,-6.6,9.1,0.68,0.24
Southern Mississippi,61.4,-6.6,Middle Tennessee,65.3,-8.4,H,c,1.9,-4.3,0.47,0.63
Southern Mississippi,61.4,-6.6,Florida International,41.7,-19,A,c,-17.6,-9.9,0.94,0.77
Southern Mississippi,61.4,-6.6,Rice,51.7,-19.2,H,c,-11.6,-15.1,0.81,0.88
Southern Mississippi,61.4,-6.6,UAB,71.1,4.8,A,c,13.4,13.9,0.16,0.15
Stanford,70,1.7,Colgate,33.5,-37,H,,-39.2,-41.2,1,1
Stanford,70,1.7,USC,75.3,3.1,H,c,2.5,-1.1,0.46,0.51
Stanford,70,1.7,Washington,83.3,4.1,A,c,15.8,4.9,0.11,0.36
Stanford,70,1.7,Oregon,83.8,12.3,A,c,15.4,13.1,0.12,0.17
Stanford,70,1.7,Oregon State,75.5,8,H,c,2.7,3.8,0.46,0.38
Stanford,70,1.7,Notre Dame,82.2,19,A,,14.8,19.8,0.13,0.01
Stanford,70,1.7,Arizona State,81.3,12.4,H,c,8.5,8.2,0.25,0.26
Stanford,70,1.7,UCLA,78.4,8.4,A,c,10.1,9.2,0.22,0.24
Stanford,70,1.7,Washington State,69.2,1.2,H,c,-3.5,-3,0.61,0.57
Stanford,70,1.7,Utah,91.4,16.2,A,c,24.4,17,0,0.08
Stanford,70,1.7,California,68.9,0.2,A,c,0.5,1,0.5,0.49
Stanford,70,1.7,BYU,90.4,14.1,H,,17.6,9.9,0.06,0.22
Syracuse,76.8,4.5,Louisville,83.9,12.7,H,c,4.6,5.7,0.37,0.35
Syracuse,76.8,4.5,Connecticut,51.2,-20.6,A,,-24.5,-22.6,1,1
Syracuse,76.8,4.5,Purdue,80.1,12.8,H,,0.8,5.8,0.49,0.34
Syracuse,76.8,4.5,Virginia,76.5,3.3,H,c,-2.7,-3.7,0.54,0.61
Syracuse,76.8,4.5,Wagner,16.5,-54,H,,-62.7,-61,1,1
Syracuse,76.8,4.5,NC State,92.1,16,H,c,12.8,9,0.17,0.24
Syracuse,76.8,4.5,Clemson,96.7,21,A,c,22.4,19,0,0.03
Syracuse,76.8,4.5,Notre Dame,82.2,19,H,,2.9,12,0.43,0.18
Syracuse,76.8,4.5,Pittsburgh,90.9,16.2,A,c,16.2,14.2,0.11,0.15
Syracuse,76.8,4.5,Florida State,87,13.4,H,c,7.7,6.4,0.26,0.32
Syracuse,76.8,4.5,Wake Forest,79,7.4,A,c,5.1,5.4,0.36,0.35
Syracuse,76.8,4.5,Boston College,73.9,0,A,c,0,-2,0.5,0.53
TCU,84.2,7.3,Colorado,68.5,-7.8,A,,-13.3,-12.6,0.84,0.83
TCU,84.2,7.3,Tarleton State,43,-27.5,H,,-42.9,-37.3,1,1
TCU,84.2,7.3,SMU,77.6,10.5,A,,-3.5,5.7,0.61,0.35
TCU,84.2,7.3,Oklahoma,81.6,19.2,H,c,-4.3,9.4,0.63,0.23
TCU,84.2,7.3,Kansas,64,-12.2,A,c,-18.7,-17,0.96,0.91
TCU,84.2,7.3,Oklahoma State,82.4,11.4,H,c,-3.5,1.6,0.61,0.48
TCU,84.2,7.3,Kansas State,76.6,9.9,H,c,-9.3,0,0.76,0.5
TCU,84.2,7.3,West Virginia,69.3,5.6,A,c,-12.1,0.8,0.82,0.49
TCU,84.2,7.3,Texas Tech,72.4,6.4,H,c,-13.5,-3.4,0.84,0.61
TCU,84.2,7.3,Texas,84.8,12.3,A,c,2.5,7.5,0.46,0.26
TCU,84.2,7.3,Baylor,76.2,12.6,A,c,-5,7.8,0.64,0.26
TCU,84.2,7.3,Iowa State,76.7,5.8,H,c,-9.2,-4,0.75,0.62
Temple,49.3,-14.9,Duke,54.6,-13.7,A,,7.8,3.7,0.26,0.39
Temple,49.3,-14.9,Lafayette,32.5,-38,H,,-20,-25.6,0.99,1
Temple,49.3,-14.9,Rutgers,71.8,-0.3,H,,19.2,12.1,0.03,0.18
Temple,49.3,-14.9,UMass,47.1,-20.7,H,,-5.4,-8.3,0.65,0.74
Temple,49.3,-14.9,Memphis,69.3,4,A,c,23.1,21.4,0,0
Temple,49.3,-14.9,UCF,77.6,11,A,c,31.3,28.4,0,0
Temple,49.3,-14.9,Tulsa,63.3,-1.9,H,c,10.7,10.5,0.21,0.21
Temple,49.3,-14.9,Navy,65,-12.7,A,c,18.9,4.7,0.03,0.37
Temple,49.3,-14.9,South Florida,61.9,-5.4,H,c,9.3,7,0.23,0.3
Temple,49.3,-14.9,Houston,81.1,11.5,A,c,34.2,28.9,0,0
Temple,49.3,-14.9,Cincinnati,87.1,17.2,H,c,34.5,29.6,0,0
Temple,49.3,-14.9,East Carolina,74.2,-1.8,H,c,21.6,10.6,0,0.21
Tennessee,80.8,18.7,Ball State,52.4,-18.9,H,,-29.8,-40.1,1,1
Tennessee,80.8,18.7,Pittsburgh,90.9,16.2,A,,12.2,0,0.18,0.5
Tennessee,80.8,18.7,Akron,53.4,-21.2,H,,-28.8,-42.4,1,1
Tennessee,80.8,18.7,Florida,84.1,15,H,c,1.8,-6.2,0.47,0.67
Tennessee,80.8,18.7,LSU,74.2,8,A,c,-4,-8.2,0.62,0.74
Tennessee,80.8,18.7,Alabama,107.2,27.4,H,c,24.9,6.2,0,0.34
Tennessee,80.8,18.7,UT Martin,51,-19.5,H,,-31.2,-40.7,1,1
Tennessee,80.8,18.7,Kentucky,81.4,14.5,H,c,-0.8,-6.7,0.51,0.68
Tennessee,80.8,18.7,Georgia,92,28.7,A,c,13.4,12.5,0.16,0.18
Tennessee,80.8,18.7,Missouri,61,5.3,H,c,-21.2,-15.9,1,0.89
Tennessee,80.8,18.7,South Carolina,63.7,7.2,A,c,-14.7,-9,0.87,0.75
Tennessee,80.8,18.7,Vanderbilt,55.2,-12.1,A,c,-23.2,-28.3,1,1
Texas,84.8,12.3,Louisiana Monroe,51.3,-21.2,H,,-35.4,-36,1,1
Texas,84.8,12.3,Alabama,107.2,27.4,H,,20.4,12.6,0.01,0.18
Texas,84.8,12.3,UT San Antonio,56.7,5,H,,-30,-9.8,1,0.77
Texas,84.8,12.3,Texas Tech,72.4,6.4,A,c,-9.1,-3.4,0.75,0.61
Texas,84.8,12.3,West Virginia,69.3,5.6,H,c,-17.4,-9.2,0.94,0.75
Texas,84.8,12.3,Oklahoma,81.6,19.2,N,c,-3.1,4.4,0.57,0.37
Texas,84.8,12.3,Iowa State,76.7,5.8,H,c,-10,-9,0.77,0.75
Texas,84.8,12.3,Oklahoma State,82.4,11.4,A,c,0.7,1.6,0.5,0.48
Texas,84.8,12.3,Kansas State,76.6,9.9,A,c,-4.7,0,0.63,0.5
Texas,84.8,12.3,TCU,84.2,7.3,H,c,-2.5,-7.5,0.54,0.72
Texas,84.8,12.3,Kansas,64,-12.2,A,c,-19.3,-22,0.98,1
Texas,84.8,12.3,Baylor,76.2,12.6,H,c,-10.5,-2.2,0.79,0.53
Texas A&M,88.8,20.1,Sam Houston State,64.5,-6,H,,-26.6,-28.6,1,1
Texas A&M,88.8,20.1,Appalachian State,75.2,4.2,H,,-15.9,-18.4,0.89,0.96
Texas A&M,88.8,20.1,Miami,91.9,14.6,H,,0.7,-8,0.5,0.74
Texas A&M,88.8,20.1,Arkansas,82.6,12.8,N,c,-6.2,-9.8,0.67,0.77
Texas A&M,88.8,20.1,Mississippi State,78.6,16.8,A,c,-6.8,-0.8,0.7,0.51
Texas A&M,88.8,20.1,Alabama,107.2,27.4,A,c,21.2,9.8,0,0.22
Texas A&M,88.8,20.1,South Carolina,63.7,7.2,A,c,-22.7,-10.4,1,0.79
Texas A&M,88.8,20.1,Ole Miss,74.8,14.4,H,c,-16.3,-8.2,0.89,0.74
Texas A&M,88.8,20.1,Florida,84.1,15,H,c,-7,-7.6,0.7,0.73
Texas A&M,88.8,20.1,Auburn,77.4,13.2,A,c,-8.5,-4.4,0.74,0.63
Texas A&M,88.8,20.1,UMass,47.1,-20.7,H,,-44,-43.3,1,1
Texas A&M,88.8,20.1,LSU,74.2,8,H,c,-16.9,-14.6,0.91,0.87
Texas State,64.2,-14.3,Nevada,61,-15.5,A,,-0.2,1.3,0.5,0.48
Texas State,64.2,-14.3,Florida International,41.7,-19,H,,-24.4,-7.2,1,0.7
Texas State,64.2,-14.3,Baylor,76.2,12.6,A,,14.9,29.4,0.13,0
Texas State,64.2,-14.3,Houston Baptist,27,-43.5,H,,-39.1,-31.7,1,1
Texas State,64.2,-14.3,James Madison,71,0.5,A,c,9.3,17.3,0.23,0.06
Texas State,64.2,-14.3,Appalachian State,75.2,4.2,H,c,9,16,0.24,0.11
Texas State,64.2,-14.3,Troy,75.7,-4.9,A,c,12.7,11.9,0.18,0.18
Texas State,64.2,-14.3,Southern Mississippi,61.4,-6.6,H,c,-4.7,5.2,0.63,0.36
Texas State,64.2,-14.3,Louisiana Monroe,51.3,-21.2,A,c,-12.3,-4.4,0.83,0.63
Texas State,64.2,-14.3,South Alabama,63,-9.6,A,c,0.7,7.2,0.5,0.3
Texas State,64.2,-14.3,Arkansas State,54.8,-15.7,H,c,-11.3,-3.9,0.81,0.62
Texas State,64.2,-14.3,Louisiana,64.9,0.7,H,c,-1.2,12.5,0.51,0.18
Texas Tech,72.4,6.4,Murray State,42,-28.5,H,,-33.6,-37.4,1,1
Texas Tech,72.4,6.4,Houston,81.1,11.5,H,,5.4,2.6,0.35,0.46
Texas Tech,72.4,6.4,NC State,92.1,16,A,,22.3,12.1,0,0.18
Texas Tech,72.4,6.4,Texas,84.8,12.3,H,c,9.1,3.4,0.24,0.39
Texas Tech,72.4,6.4,Kansas State,76.6,9.9,A,c,7.6,6,0.26,0.34
Texas Tech,72.4,6.4,Oklahoma State,82.4,11.4,A,c,13.1,7.5,0.17,0.26
Texas Tech,72.4,6.4,West Virginia,69.3,5.6,H,c,-6.3,-3.3,0.68,0.61
Texas Tech,72.4,6.4,Baylor,76.2,12.6,H,c,0.5,3.7,0.5,0.39
Texas Tech,72.4,6.4,TCU,84.2,7.3,A,c,13.5,3.4,0.16,0.39
Texas Tech,72.4,6.4,Kansas,64,-12.2,H,c,-11.6,-21.1,0.81,1
Texas Tech,72.4,6.4,Iowa State,76.7,5.8,A,c,7.1,1.9,0.3,0.47
Texas Tech,72.4,6.4,Oklahoma,81.6,19.2,H,c,5.9,10.3,0.34,0.21
Toledo,79.8,6,Long Island,21,-49.5,H,,-61.7,-58,1,1
Toledo,79.8,6,UMass,47.1,-20.7,H,,-35.6,-29.2,1,1
Toledo,79.8,6,Ohio State,109.2,30.8,A,,31.8,27.3,0,0
Toledo,79.8,6,San Diego State,62.3,1.8,A,,-15.3,-1.7,0.88,0.52
Toledo,79.8,6,Central Michigan,66.9,-4,H,c,-15.8,-12.5,0.89,0.83
Toledo,79.8,6,Northern Illinois,69.4,-4.1,A,c,-8.4,-7.6,0.74,0.73
Toledo,79.8,6,Kent State,53.2,-10,H,c,-29.5,-18.5,1,0.96
Toledo,79.8,6,Buffalo,56.1,-9.3,A,c,-19.2,-12.8,0.97,0.83
Toledo,79.8,6,Eastern Michigan,66.3,-12,A,c,-12.2,-15.5,0.82,0.88
Toledo,79.8,6,Ball State,52.4,-18.9,H,c,-30.3,-27.4,1,1
Toledo,79.8,6,Bowling Green,55.5,-7.4,H,c,-27.2,-15.9,1,0.89
Toledo,79.8,6,Western Michigan,58.3,2.3,A,c,-18.7,-1.2,0.96,0.51
Troy,75.7,-4.9,Ole Miss,74.8,14.4,A,,1.3,21.8,0.48,0
Troy,75.7,-4.9,Alabama A&M,38.5,-32,H,,-38.4,-29.6,1,1
Troy,75.7,-4.9,Appalachian State,75.2,4.2,A,c,1.3,11.6,0.48,0.19
Troy,75.7,-4.9,Marshall,70.3,4.8,H,,-6.6,7.2,0.68,0.3
Troy,75.7,-4.9,Western Kentucky,65.9,-6.4,A,,-7.5,1,0.72,0.49
Troy,75.7,-4.9,Southern Mississippi,61.4,-6.6,H,c,-15.5,-4.2,0.88,0.62
Troy,75.7,-4.9,Texas State,64.2,-14.3,H,c,-12.7,-11.9,0.83,0.82
Troy,75.7,-4.9,South Alabama,63,-9.6,A,c,-10.7,-2.2,0.79,0.53
Troy,75.7,-4.9,Louisiana,64.9,0.7,A,c,-8.3,8.1,0.74,0.26
Troy,75.7,-4.9,Army,66.2,-0.8,H,c,-10.7,1.6,0.79,0.48
Troy,75.7,-4.9,Louisiana Monroe,51.3,-21.2,H,c,-25.6,-18.8,1,0.97
Troy,75.7,-4.9,Arkansas State,54.8,-15.7,A,c,-17.6,-8.3,0.94,0.74
Tulane,76.4,0.9,UMass,47.1,-20.7,H,,-33.2,-24.1,1,1
Tulane,76.4,0.9,Alcorn State,38,-32.5,H,,-42.3,-35.9,1,1
Tulane,76.4,0.9,Kansas State,76.6,9.9,A,,3.6,11.5,0.39,0.19
Tulane,76.4,0.9,Southern Mississippi,61.4,-6.6,H,,-18.9,-10,0.97,0.77
Tulane,76.4,0.9,Houston,81.1,11.5,A,c,7.1,13.1,0.3,0.17
Tulane,76.4,0.9,East Carolina,74.2,-1.8,H,c,-6.1,-5.2,0.67,0.64
Tulane,76.4,0.9,South Florida,61.9,-5.4,A,c,-12.9,-3.8,0.83,0.62
Tulane,76.4,0.9,Memphis,69.3,4,H,c,-11,0.6,0.8,0.5
Tulane,76.4,0.9,Tulsa,63.3,-1.9,A,c,-11.5,-0.3,0.81,0.5
Tulane,76.4,0.9,UCF,77.6,11,H,c,-2.7,7.6,0.54,0.26
Tulane,76.4,0.9,SMU,77.6,10.5,H,c,-2.7,7.1,0.54,0.3
Tulane,76.4,0.9,Cincinnati,87.1,17.2,A,c,13.5,18.8,0.16,0.03
Tulsa,63.3,-1.9,Wyoming,61.9,-3.4,A,,1.1,1,0.49,0.49
Tulsa,63.3,-1.9,Northern Illinois,69.4,-4.1,H,,4.5,-4.7,0.37,0.63
Tulsa,63.3,-1.9,Jacksonville State,48.5,-22,H,,-16.3,-22.6,0.89,1
Tulsa,63.3,-1.9,Ole Miss,74.8,14.4,A,,13.7,18.8,0.16,0.03
Tulsa,63.3,-1.9,Cincinnati,87.1,17.2,H,c,22.2,16.6,0,0.1
Tulsa,63.3,-1.9,Navy,65,-12.7,A,c,4.9,-8.3,0.36,0.74
Tulsa,63.3,-1.9,Temple,49.3,-14.9,A,c,-10.7,-10.5,0.79,0.79
Tulsa,63.3,-1.9,SMU,77.6,10.5,H,c,12.7,9.9,0.18,0.22
Tulsa,63.3,-1.9,Tulane,76.4,0.9,H,c,11.5,0.3,0.19,0.5
Tulsa,63.3,-1.9,Memphis,69.3,4,A,c,9.1,8.4,0.24,0.25
Tulsa,63.3,-1.9,South Florida,61.9,-5.4,H,c,-2.9,-6,0.57,0.67
Tulsa,63.3,-1.9,Houston,81.1,11.5,A,c,20.2,15.9,0.01,0.11
UAB,71.1,4.8,Alabama A&M,38.5,-32,H,,-36.3,-39.3,1,1
UAB,71.1,4.8,Liberty,71.8,1.5,A,,4,-0.8,0.38,0.51
UAB,71.1,4.8,Georgia Southern,59.1,-8.8,H,c,-15.7,-16.1,0.88,0.89
UAB,71.1,4.8,Florida Atlantic,57.5,-7,A,,-11.9,-9.3,0.82,0.76
UAB,71.1,4.8,Louisiana Tech,65,-12.1,A,,-3.8,-14.4,0.62,0.87
UAB,71.1,4.8,Rice,51.7,-19.2,A,c,-16.6,-21.5,0.89,1
UAB,71.1,4.8,North Texas,61,-3,H,c,-13.8,-10.3,0.85,0.79
UAB,71.1,4.8,UT San Antonio,56.7,5,H,c,-18.1,-2.3,0.95,0.54
UAB,71.1,4.8,UTEP,58,-7.9,A,c,-11.8,-10.2,0.82,0.77
UAB,71.1,4.8,LSU,74.2,8,A,c,5.6,5.7,0.35,0.35
UCF,77.6,11,SC State,41,-29.5,H,,-39.6,-43,1,1
UCF,77.6,11,Louisville,83.9,12.7,H,,3.2,-0.8,0.43,0.51
UCF,77.6,11,Florida Atlantic,57.5,-7,A,,-18.4,-15.5,0.96,0.88
UCF,77.6,11,Georgia Tech,71.1,-4.7,H,,-9.5,-18.2,0.76,0.95
UCF,77.6,11,SMU,77.6,10.5,H,c,-3,-3,0.57,0.57
UCF,77.6,11,Temple,49.3,-14.9,H,c,-31.3,-28.4,1,1
UCF,77.6,11,East Carolina,74.2,-1.8,A,c,-1.4,-10.3,0.52,0.79
UCF,77.6,11,Cincinnati,87.1,17.2,H,c,6.4,3.7,0.32,0.39
UCF,77.6,11,Memphis,69.3,4,A,c,-5.1,-4.5,0.64,0.63
UCF,77.6,11,Tulane,76.4,0.9,A,c,2.7,-7.6,0.46,0.73
UCF,77.6,11,Navy,65,-12.7,H,c,-15.6,-26.2,0.88,1
UCF,77.6,11,South Florida,61.9,-5.4,A,c,-14.1,-13.9,0.85,0.85
UCLA,78.4,8.4,Bowling Green,55.5,-7.4,H,,-24.6,-18.3,1,0.96
UCLA,78.4,8.4,Alabama State,30,-40.5,H,,-50.1,-51.4,1,1
UCLA,78.4,8.4,South Alabama,63,-9.6,H,,-17.1,-20.5,0.91,0.99
UCLA,78.4,8.4,Colorado,68.5,-7.8,A,c,-7.5,-13.7,0.72,0.84
UCLA,78.4,8.4,Washington,83.3,4.1,H,c,3.1,-6.8,0.43,0.7
UCLA,78.4,8.4,Utah,91.4,16.2,H,c,11.2,5.3,0.2,0.35
UCLA,78.4,8.4,Oregon,83.8,12.3,A,c,7,6.4,0.3,0.32
UCLA,78.4,8.4,Stanford,70,1.7,H,c,-10.1,-9.2,0.77,0.75
UCLA,78.4,8.4,Arizona State,81.3,12.4,A,c,5.5,6.5,0.35,0.32
UCLA,78.4,8.4,Arizona,70.9,-6.6,H,c,-9.2,-17.5,0.75,0.94
UCLA,78.4,8.4,USC,75.3,3.1,H,c,-4.8,-7.8,0.64,0.74
UCLA,78.4,8.4,California,68.9,0.2,A,c,-7.8,-5.7,0.74,0.65
Louisiana Monroe,51.3,-21.2,Texas,84.8,12.3,A,,35.4,36,0,0
Louisiana Monroe,51.3,-21.2,Nicholls,53.5,-17,H,,1.6,1.7,0.48,0.48
Louisiana Monroe,51.3,-21.2,Alabama,107.2,27.4,A,,58.7,51.1,0,0
Louisiana Monroe,51.3,-21.2,Louisiana,64.9,0.7,H,c,13,19.4,0.17,0.02
Louisiana Monroe,51.3,-21.2,Arkansas State,54.8,-15.7,A,c,6.7,8,0.32,0.26
Louisiana Monroe,51.3,-21.2,Coastal Carolina,70.5,0.6,H,c,18.6,19.3,0.04,0.02
Louisiana Monroe,51.3,-21.2,South Alabama,63,-9.6,A,c,13.6,14.1,0.16,0.15
Louisiana Monroe,51.3,-21.2,Army,66.2,-0.8,A,,17.5,22.9,0.06,0
Louisiana Monroe,51.3,-21.2,Texas State,64.2,-14.3,H,c,12.3,4.4,0.18,0.37
Louisiana Monroe,51.3,-21.2,Georgia State,67.9,0.1,A,c,18.7,23.8,0.04,0
Louisiana Monroe,51.3,-21.2,Troy,75.7,-4.9,A,c,25.6,18.8,0,0.03
Louisiana Monroe,51.3,-21.2,Southern Mississippi,61.4,-6.6,H,c,9.5,12.1,0.23,0.18
UNLV,58.8,-10,Idaho State,39,-31.5,H,,-21.7,-24,1,1
UNLV,58.8,-10,California,68.9,0.2,A,,11.7,12.7,0.19,0.18
UNLV,58.8,-10,North Texas,61,-3,H,,0.2,4.5,0.5,0.37
UNLV,58.8,-10,Utah State,62,-4.6,A,c,6.3,7.9,0.32,0.26
UNLV,58.8,-10,New Mexico,40,-19.3,H,c,-20.7,-11.8,0.99,0.82
UNLV,58.8,-10,San Jose State,71.5,-6.3,A,c,15.6,6.2,0.12,0.34
UNLV,58.8,-10,Air Force,76.5,3,H,c,15.7,10.5,0.12,0.21
UNLV,58.8,-10,Notre Dame,82.2,19,A,,26,31.5,0,0
UNLV,58.8,-10,San Diego State,62.3,1.8,A,c,5.6,14.3,0.35,0.14
UNLV,58.8,-10,Fresno State,72.4,10.5,H,c,11.6,18,0.19,0.05
UNLV,58.8,-10,Hawai'i,53.9,-16.5,A,c,-3.6,-4,0.61,0.62
UNLV,58.8,-10,Nevada,61,-15.5,H,c,0.2,-8,0.5,0.74
USC,75.3,3.1,Rice,51.7,-19.2,H,,-26.3,-24.8,1,1
USC,75.3,3.1,Stanford,70,1.7,A,c,-2.5,1.1,0.54,0.49
USC,75.3,3.1,Fresno State,72.4,10.5,H,,-5.6,4.9,0.65,0.36
USC,75.3,3.1,Oregon State,75.5,8,A,c,1.6,7.4,0.48,0.26
USC,75.3,3.1,Arizona State,81.3,12.4,H,c,3.2,6.8,0.43,0.3
USC,75.3,3.1,Washington State,69.2,1.2,H,c,-8.8,-4.4,0.75,0.63
USC,75.3,3.1,Utah,91.4,16.2,A,c,19.1,15.6,0.03,0.12
USC,75.3,3.1,Arizona,70.9,-6.6,A,c,-2.4,-7.2,0.54,0.7
USC,75.3,3.1,California,68.9,0.2,H,c,-9.1,-5.4,0.75,0.65
USC,75.3,3.1,Colorado,68.5,-7.8,H,c,-9.5,-13.4,0.76,0.84
USC,75.3,3.1,UCLA,78.4,8.4,A,c,4.8,7.8,0.36,0.26
USC,75.3,3.1,Notre Dame,82.2,19,H,,4.1,13.4,0.38,0.16
South Florida,61.9,-5.4,BYU,90.4,14.1,H,,26.9,17,0,0.08
South Florida,61.9,-5.4,Howard,25.5,-45,H,,-37.9,-42.1,1,1
South Florida,61.9,-5.4,Florida,84.1,15,A,,24.6,22.9,0,0
South Florida,61.9,-5.4,Louisville,83.9,12.7,A,,23.7,20.6,0,0.01
South Florida,61.9,-5.4,East Carolina,74.2,-1.8,H,c,10.7,1.1,0.21,0.49
South Florida,61.9,-5.4,Cincinnati,87.1,17.2,A,c,28,25.1,0,0
South Florida,61.9,-5.4,Tulane,76.4,0.9,H,c,12.9,3.8,0.17,0.38
South Florida,61.9,-5.4,Houston,81.1,11.5,A,c,21.6,19.4,0,0.02
South Florida,61.9,-5.4,Temple,49.3,-14.9,A,c,-9.3,-7,0.76,0.7
South Florida,61.9,-5.4,SMU,77.6,10.5,H,c,14.1,13.4,0.15,0.16
South Florida,61.9,-5.4,Tulsa,63.3,-1.9,A,c,2.9,6,0.43,0.34
South Florida,61.9,-5.4,UCF,77.6,11,H,c,14.1,13.9,0.15,0.15
Utah,91.4,16.2,Florida,84.1,15,A,,-4.8,1.3,0.64,0.48
Utah,91.4,16.2,Southern Utah,33.5,-37,H,,-60.9,-55.7,1,1
Utah,91.4,16.2,San Diego State,62.3,1.8,H,,-32.1,-16.9,1,0.91
Utah,91.4,16.2,Arizona State,81.3,12.4,A,c,-7.4,-1.3,0.72,0.52
Utah,91.4,16.2,Oregon State,75.5,8,H,c,-18.9,-10.7,0.97,0.79
Utah,91.4,16.2,UCLA,78.4,8.4,A,c,-11.2,-5.3,0.8,0.65
Utah,91.4,16.2,USC,75.3,3.1,H,c,-19.1,-15.6,0.97,0.88
Utah,91.4,16.2,Washington State,69.2,1.2,A,c,-19,-12.5,0.97,0.83
Utah,91.4,16.2,Arizona,70.9,-6.6,H,c,-23.5,-25.3,1,1
Utah,91.4,16.2,Stanford,70,1.7,H,c,-24.4,-17,1,0.91
Utah,91.4,16.2,Oregon,83.8,12.3,A,c,-5.9,-1.4,0.67,0.52
Utah,91.4,16.2,Colorado,68.5,-7.8,A,c,-20.5,-21.5,0.99,1
Utah State,62,-4.6,Connecticut,51.2,-20.6,H,,-13.9,-18.5,0.85,0.96
Utah State,62,-4.6,Alabama,107.2,27.4,A,,48,34.5,0,0
Utah State,62,-4.6,Weber State,59.5,-11,H,,-5.6,-8.9,0.65,0.75
Utah State,62,-4.6,UNLV,58.8,-10,H,c,-6.3,-7.9,0.68,0.74
Utah State,62,-4.6,BYU,90.4,14.1,A,,30.5,21.2,0,0
Utah State,62,-4.6,Air Force,76.5,3,H,c,11.3,5.1,0.19,0.36
Utah State,62,-4.6,Colorado State,56.6,-3.8,A,c,-2.1,3.3,0.53,0.39
Utah State,62,-4.6,Wyoming,61.9,-3.4,A,c,2.4,3.7,0.46,0.39
Utah State,62,-4.6,New Mexico,40,-19.3,H,c,-25.1,-17.2,1,0.91
Utah State,62,-4.6,Hawai'i,53.9,-16.5,A,c,-6.8,-9.4,0.7,0.76
Utah State,62,-4.6,San Jose State,71.5,-6.3,H,c,6.3,-4.2,0.32,0.62
Utah State,62,-4.6,Boise State,71.9,8.5,A,c,11.9,15.6,0.18,0.12
UTEP,58,-7.9,Oklahoma,81.6,19.2,A,,26.5,29.6,0,0
UTEP,58,-7.9,New Mexico State,40.4,-26.2,H,,-18.8,-20.8,0.97,1
UTEP,58,-7.9,New Mexico,40,-19.3,A,,-16.6,-8.9,0.89,0.75
UTEP,58,-7.9,Boise State,71.9,8.5,H,,12.6,13.9,0.18,0.15
UTEP,58,-7.9,Louisiana Tech,65,-12.1,A,c,9.2,-1.7,0.24,0.52
UTEP,58,-7.9,Florida Atlantic,57.5,-7,H,c,-1.7,-1.6,0.52,0.52
UTEP,58,-7.9,Rice,51.7,-19.2,A,c,-3.5,-8.8,0.61,0.75
UTEP,58,-7.9,UAB,71.1,4.8,H,c,11.8,10.2,0.18,0.22
UTEP,58,-7.9,UT San Antonio,56.7,5,A,c,0.3,15.4,0.5,0.12
UTEP,58,-7.9,North Texas,61,-3,H,c,1.7,2.4,0.48,0.46
UT San Antonio,56.7,5,Houston,81.1,11.5,H,,22.7,4,0,0.38
UT San Antonio,56.7,5,Army,66.2,-0.8,A,,12.1,-3.3,0.18,0.61
UT San Antonio,56.7,5,Texas,84.8,12.3,A,,30,9.8,0,0.22
UT San Antonio,56.7,5,Texas Southern,28,-42.5,H,,-30.3,-50,1,1
UT San Antonio,56.7,5,Middle Tennessee,65.3,-8.4,A,c,11.3,-10.9,0.19,0.8
UT San Antonio,56.7,5,Western Kentucky,65.9,-6.4,H,c,7.5,-13.9,0.26,0.85
UT San Antonio,56.7,5,Louisiana Tech,65,-12.1,H,c,6.6,-19.6,0.32,0.98
UT San Antonio,56.7,5,UAB,71.1,4.8,A,c,18.1,2.3,0.05,0.46
UT San Antonio,56.7,5,North Texas,61,-3,H,c,2.6,-10.5,0.46,0.79
UT San Antonio,56.7,5,UTEP,58,-7.9,H,c,-0.3,-15.4,0.5,0.88
UT San Antonio,56.7,5,Rice,51.7,-19.2,A,c,-2.2,-21.7,0.53,1
Vanderbilt,55.2,-12.1,Hawai'i,53.9,-16.5,A,,0,-1.9,0.5,0.53
Vanderbilt,55.2,-12.1,Elon,48,-22.5,H,,-9.5,-12.9,0.76,0.83
Vanderbilt,55.2,-12.1,Wake Forest,79,7.4,H,,21.4,17,0,0.08
Vanderbilt,55.2,-12.1,Northern Illinois,69.4,-4.1,A,,16.1,10.5,0.11,0.21
Vanderbilt,55.2,-12.1,Alabama,107.2,27.4,A,c,54.8,42,0,0
Vanderbilt,55.2,-12.1,Ole Miss,74.8,14.4,H,c,17.2,24,0.07,0
Vanderbilt,55.2,-12.1,Georgia,92,28.7,A,c,39,43.3,0,0
Vanderbilt,55.2,-12.1,Missouri,61,5.3,A,c,8.9,19.9,0.24,0.01
Vanderbilt,55.2,-12.1,South Carolina,63.7,7.2,H,c,6.1,16.8,0.34,0.08
Vanderbilt,55.2,-12.1,Kentucky,81.4,14.5,A,c,28.5,29.1,0,0
Vanderbilt,55.2,-12.1,Florida,84.1,15,H,c,26.5,24.6,0,0
Vanderbilt,55.2,-12.1,Tennessee,80.8,18.7,H,c,23.2,28.3,0,0
Virginia,76.5,3.3,Richmond,51,-19.5,H,,-28.5,-25.3,1,1
Virginia,76.5,3.3,Illinois,67.8,-2.2,A,,-6.6,-3,0.68,0.57
Virginia,76.5,3.3,Old Dominion,63.1,-6,H,,-16.4,-11.8,0.89,0.82
Virginia,76.5,3.3,Syracuse,76.8,4.5,A,c,2.7,3.7,0.46,0.39
Virginia,76.5,3.3,Duke,54.6,-13.7,A,c,-19.3,-14.5,0.98,0.87
Virginia,76.5,3.3,Louisville,83.9,12.7,H,c,4.3,6.9,0.37,0.3
Virginia,76.5,3.3,Georgia Tech,71.1,-4.7,A,c,-3.3,-5.5,0.61,0.65
Virginia,76.5,3.3,Miami,91.9,14.6,H,c,12.3,8.8,0.18,0.24
Virginia,76.5,3.3,North Carolina,82.2,10.1,H,c,2.6,4.3,0.46,0.37
Virginia,76.5,3.3,Pittsburgh,90.9,16.2,H,c,11.3,10.4,0.19,0.21
Virginia,76.5,3.3,Coastal Carolina,70.5,0.6,H,,-9,-5.2,0.75,0.64
Virginia,76.5,3.3,Virginia Tech,84.2,4.3,A,c,9.5,3.5,0.23,0.39
Virginia Tech,84.2,4.3,Old Dominion,63.1,-6,A,,-20.2,-7.8,0.99,0.74
Virginia Tech,84.2,4.3,Boston College,73.9,0,H,c,-12.1,-6.8,0.82,0.7
Virginia Tech,84.2,4.3,Wofford,37.5,-33,H,,-48.5,-39.8,1,1
Virginia Tech,84.2,4.3,West Virginia,69.3,5.6,H,,-16.7,-1.2,0.89,0.51
Virginia Tech,84.2,4.3,North Carolina,82.2,10.1,A,c,1.1,8.3,0.49,0.25
Virginia Tech,84.2,4.3,Pittsburgh,90.9,16.2,A,c,8.8,14.4,0.24,0.14
Virginia Tech,84.2,4.3,Miami,91.9,14.6,H,c,5.8,7.8,0.34,0.26
Virginia Tech,84.2,4.3,NC State,92.1,16,A,c,10.5,14.2,0.21,0.15
Virginia Tech,84.2,4.3,Georgia Tech,71.1,-4.7,H,c,-14.9,-11.5,0.88,0.81
Virginia Tech,84.2,4.3,Duke,54.6,-13.7,A,c,-27,-15.5,1,0.88
Virginia Tech,84.2,4.3,Liberty,71.8,1.5,A,,-9,-0.3,0.75,0.5
Virginia Tech,84.2,4.3,Virginia,76.5,3.3,H,c,-9.5,-3.5,0.76,0.61
Wake Forest,79,7.4,VMI,45,-25.5,H,,-36.9,-35.4,1,1
Wake Forest,79,7.4,Vanderbilt,55.2,-12.1,A,,-21.4,-17,1,0.91
Wake Forest,79,7.4,Liberty,71.8,1.5,H,,-10.1,-8.4,0.77,0.74
Wake Forest,79,7.4,Clemson,96.7,21,H,c,14.7,11.1,0.14,0.2
Wake Forest,79,7.4,Florida State,87,13.4,A,c,10.2,8.5,0.22,0.25
Wake Forest,79,7.4,Army,66.2,-0.8,H,,-15.7,-10.7,0.88,0.79
Wake Forest,79,7.4,Boston College,73.9,0,H,c,-8,-9.9,0.74,0.77
Wake Forest,79,7.4,Louisville,83.9,12.7,A,c,6.6,7.8,0.32,0.26
Wake Forest,79,7.4,NC State,92.1,16,A,c,15.7,11.1,0.12,0.2
Wake Forest,79,7.4,North Carolina,82.2,10.1,H,c,0.2,0.1,0.5,0.5
Wake Forest,79,7.4,Syracuse,76.8,4.5,H,c,-5.1,-5.4,0.64,0.65
Wake Forest,79,7.4,Duke,54.6,-13.7,A,c,-21.8,-18.6,1,0.96
Washington,83.3,4.1,Kent State,53.2,-10,H,,-32.6,-16.6,1,0.89
Washington,83.3,4.1,Portland State,49.5,-21,H,,-36.3,-27.6,1,1
Washington,83.3,4.1,Michigan State,81.8,15.3,H,,-4,8.7,0.62,0.25
Washington,83.3,4.1,Stanford,70,1.7,H,c,-15.8,-4.9,0.89,0.64
Washington,83.3,4.1,UCLA,78.4,8.4,A,c,-3.1,6.8,0.57,0.3
Washington,83.3,4.1,Arizona State,81.3,12.4,A,c,0.6,10.8,0.5,0.2
Washington,83.3,4.1,Arizona,70.9,-6.6,H,c,-14.9,-13.2,0.88,0.83
Washington,83.3,4.1,California,68.9,0.2,A,c,-12.7,-1.4,0.83,0.52
Washington,83.3,4.1,Oregon State,75.5,8,H,c,-10.3,1.4,0.79,0.48
Washington,83.3,4.1,Oregon,83.8,12.3,A,c,2.1,10.7,0.47,0.21
Washington,83.3,4.1,Colorado,68.5,-7.8,H,c,-17.3,-14.4,0.94,0.87
Washington,83.3,4.1,Washington State,69.2,1.2,A,c,-10.9,-0.4,0.8,0.5
Washington State,69.2,1.2,Idaho,46,-24.5,H,,-26.3,-28.2,1,1
Washington State,69.2,1.2,Wisconsin,84.3,17.7,A,,17.4,19,0.06,0.03
Washington State,69.2,1.2,Colorado State,56.6,-3.8,H,,-15.7,-7.5,0.88,0.72
Washington State,69.2,1.2,Oregon,83.8,12.3,H,c,11.4,8.6,0.19,0.25
Washington State,69.2,1.2,California,68.9,0.2,H,c,-3.4,-3.5,0.61,0.61
Washington State,69.2,1.2,USC,75.3,3.1,A,c,8.8,4.4,0.24,0.37
Washington State,69.2,1.2,Oregon State,75.5,8,A,c,7.7,9.3,0.26,0.23
Washington State,69.2,1.2,Utah,91.4,16.2,H,c,19,12.5,0.03,0.18
Washington State,69.2,1.2,Stanford,70,1.7,A,c,3.5,3,0.39,0.43
Washington State,69.2,1.2,Arizona State,81.3,12.4,H,c,8.9,8.7,0.24,0.25
Washington State,69.2,1.2,Arizona,70.9,-6.6,A,c,3.6,-5.3,0.39,0.65
Washington State,69.2,1.2,Washington,83.3,4.1,H,c,10.9,0.3,0.2,0.5
West Virginia,69.3,5.6,Pittsburgh,90.9,16.2,A,,23.7,13.1,0,0.17
West Virginia,69.3,5.6,Kansas,64,-12.2,H,c,-8,-20.3,0.74,0.99
West Virginia,69.3,5.6,Towson,43.5,-27,H,,-28.5,-35.1,1,1
West Virginia,69.3,5.6,Virginia Tech,84.2,4.3,A,,16.7,1.2,0.09,0.49
West Virginia,69.3,5.6,Texas,84.8,12.3,A,c,17.4,9.2,0.06,0.24
West Virginia,69.3,5.6,Baylor,76.2,12.6,H,c,4.1,4.5,0.38,0.37
West Virginia,69.3,5.6,Texas Tech,72.4,6.4,A,c,6.3,3.3,0.32,0.39
West Virginia,69.3,5.6,TCU,84.2,7.3,H,c,12.1,-0.8,0.18,0.51
West Virginia,69.3,5.6,Iowa State,76.7,5.8,A,c,10.2,2.7,0.22,0.46
West Virginia,69.3,5.6,Oklahoma,81.6,19.2,H,c,9.5,11.1,0.23,0.2
West Virginia,69.3,5.6,Kansas State,76.6,9.9,H,c,4.5,1.8,0.37,0.47
West Virginia,69.3,5.6,Oklahoma State,82.4,11.4,A,c,16.2,8.3,0.11,0.25
Western Kentucky,65.9,-6.4,Austin Peay,50,-20.5,H,,-18.1,-16.6,0.95,0.89
Western Kentucky,65.9,-6.4,Hawai'i,53.9,-16.5,A,,-10.7,-7.6,0.79,0.73
Western Kentucky,65.9,-6.4,Indiana,63.5,-0.5,A,,0.4,8.4,0.5,0.25
Western Kentucky,65.9,-6.4,Florida International,41.7,-19,H,,-26.4,-15.1,1,0.88
Western Kentucky,65.9,-6.4,Troy,75.7,-4.9,H,c,7.5,-1,0.26,0.51
Western Kentucky,65.9,-6.4,UT San Antonio,56.7,5,A,c,-7.5,13.9,0.72,0.15
Western Kentucky,65.9,-6.4,Middle Tennessee,65.3,-8.4,A,c,2.1,0.5,0.47,0.5
Western Kentucky,65.9,-6.4,Rice,51.7,-19.2,H,c,-16.4,-15.3,0.89,0.88
Western Kentucky,65.9,-6.4,Florida Atlantic,57.5,-7,A,c,-6.7,1.9,0.68,0.47
Western Kentucky,65.9,-6.4,Auburn,77.4,13.2,A,c,14.3,22.1,0.14,0
Western Kentucky,65.9,-6.4,Charlotte,56.2,-11,A,c,-7.3,-2.1,0.72,0.53
Western Michigan,58.3,2.3,Michigan State,81.8,15.3,A,,24.5,15.5,0,0.12
Western Michigan,58.3,2.3,Ball State,52.4,-18.9,A,c,-4.3,-18.7,0.63,0.96
Western Michigan,58.3,2.3,Pittsburgh,90.9,16.2,H,,29.8,11.4,0,0.19
Western Michigan,58.3,2.3,San Jose State,71.5,-6.3,A,,16.1,-6.1,0.11,0.67
Western Michigan,58.3,2.3,New Hampshire,40,-30.5,H,,-21,-35.3,1,1
Western Michigan,58.3,2.3,Eastern Michigan,66.3,-12,H,c,5.2,-16.8,0.36,0.91
Western Michigan,58.3,2.3,Ohio,54.2,-10.1,H,c,-6.8,-14.9,0.7,0.88
Western Michigan,58.3,2.3,Miami (OH),67.4,-1.7,A,c,11.7,-1.5,0.19,0.52
Western Michigan,58.3,2.3,Bowling Green,55.5,-7.4,A,c,-1.1,-7.2,0.51,0.7
Western Michigan,58.3,2.3,Northern Illinois,69.4,-4.1,H,c,8.3,-8.9,0.25,0.75
Western Michigan,58.3,2.3,Central Michigan,66.9,-4,A,c,10.5,-3.8,0.21,0.62
Western Michigan,58.3,2.3,Toledo,79.8,6,H,c,18.7,1.2,0.04,0.49
Wisconsin,84.3,17.7,Illinois State,50,-20.5,H,,-36.6,-40.7,1,1
Wisconsin,84.3,17.7,Washington State,69.2,1.2,H,,-17.4,-19,0.94,0.97
Wisconsin,84.3,17.7,New Mexico State,40.4,-26.2,H,,-46.2,-46.4,1,1
Wisconsin,84.3,17.7,Ohio State,109.2,30.8,A,c,27.3,15.6,0,0.12
Wisconsin,84.3,17.7,Illinois,67.8,-2.2,H,c,-18.8,-22.4,0.97,1
Wisconsin,84.3,17.7,Northwestern,71.3,-4.2,A,c,-11.1,-19.4,0.8,0.98
Wisconsin,84.3,17.7,Michigan State,81.8,15.3,A,c,-1.4,0.1,0.52,0.5
Wisconsin,84.3,17.7,Purdue,80.1,12.8,H,c,-6.5,-7.4,0.68,0.72
Wisconsin,84.3,17.7,Maryland,75.3,10,H,c,-11.3,-10.2,0.81,0.77
Wisconsin,84.3,17.7,Iowa,87.7,13.1,A,c,5.6,-2.1,0.35,0.53
Wisconsin,84.3,17.7,Nebraska,83.9,11.7,A,c,0.9,-3.5,0.49,0.61
Wisconsin,84.3,17.7,Minnesota,80.6,14.6,H,c,-6,-5.6,0.67,0.65
Wyoming,61.9,-3.4,Illinois,67.8,-2.2,A,,7.9,3.7,0.26,0.39
Wyoming,61.9,-3.4,Tulsa,63.3,-1.9,H,,-1.1,-1,0.51,0.51
Wyoming,61.9,-3.4,Northern Colorado,38.5,-32,H,,-25.9,-31.1,1,1
Wyoming,61.9,-3.4,Air Force,76.5,3,H,c,12,3.9,0.18,0.38
Wyoming,61.9,-3.4,BYU,90.4,14.1,A,,30.6,20,0,0.01
Wyoming,61.9,-3.4,San Jose State,71.5,-6.3,H,c,7,-5.4,0.3,0.65
Wyoming,61.9,-3.4,New Mexico,40,-19.3,A,c,-20.5,-13.4,0.99,0.84
Wyoming,61.9,-3.4,Utah State,62,-4.6,H,c,-2.4,-3.7,0.54,0.61
Wyoming,61.9,-3.4,Hawai'i,53.9,-16.5,A,c,-6.7,-10.6,0.68,0.79
Wyoming,61.9,-3.4,Colorado State,56.6,-3.8,A,c,-2,2.1,0.53,0.47
Wyoming,61.9,-3.4,Boise State,71.9,8.5,H,c,7.4,9.4,0.26,0.23
Wyoming,61.9,-3.4,Fresno State,72.4,10.5,A,c,13.2,16.4,0.17,0.1
Liberty,71.8,1.5,Southern Mississippi,61.4,-6.6,A,,-8.5,-5.6,0.74,0.65
Liberty,71.8,1.5,UAB,71.1,4.8,H,,-4,0.8,0.62,0.49
Liberty,71.8,1.5,Wake Forest,79,7.4,A,,10.1,8.4,0.22,0.25
Liberty,71.8,1.5,Akron,53.4,-21.2,H,,-21.7,-25.2,1,1
Liberty,71.8,1.5,Old Dominion,63.1,-6,A,,-7.8,-5,0.74,0.64
Liberty,71.8,1.5,UMass,47.1,-20.7,A,,-22.7,-19.7,1,0.98
Liberty,71.8,1.5,Gardner-Webb,38,-32.5,H,,-37.1,-36.5,1,1
Liberty,71.8,1.5,BYU,90.4,14.1,H,,15.2,10.1,0.13,0.22
Liberty,71.8,1.5,Arkansas,82.6,12.8,A,,13.7,13.8,0.16,0.15
Liberty,71.8,1.5,Connecticut,51.2,-20.6,A,,-19.5,-19.6,0.98,0.98
Liberty,71.8,1.5,Virginia Tech,84.2,4.3,H,,9,0.3,0.24,0.5
Liberty,71.8,1.5,New Mexico State,40.4,-26.2,H,,-34.7,-30.2,1,1